ID,Creation,Username,Text
1606301722162262016,Friday December 23 14:52:28 2022,iamsimply_may,"@harland_laurene @BarraOReagain I got mine from el_chapomillz store on instagram he‚Äôs got the best trips like candy bars, üçÑ, DMT, peyote and other psychedelic products he delivers discreetly."
1606301721470259200,Friday December 23 14:52:28 2022,emon308935,"The best project I've ever seen. It will take the future generation a lot further.Excellent project in a world guysÔøºÔøºÔøº 
@Crypto108876
 
@MdAlAmi90526123
 
@shawon7209

@Alex19151613
 
@EhsanR52219428 https://t.co/IDbz2jrWtH"
1606301720920801281,Friday December 23 14:52:28 2022,pill_swallow,"@TheVikingDane I've been trying to figure it out for a long time. The best I can come up with is, trying to pass as the opposite sex and telling others you're the opposite sex?"
1606301720560427009,Friday December 23 14:52:28 2022,Zairamattos,"RT @sixtokker: Naked tiktoks here: https://t.co/Ng7qaQKzW5

Free and funüòò https://t.co/auwdC9kM1U"
1606301720333520898,Friday December 23 14:52:28 2022,marikosegawa,RT @tyler_hynes: Hundreds of thousands of votes is beyond by understanding. Just further evidence of the fun you guys are all having with e‚Ä¶
1606301720203739146,Friday December 23 14:52:28 2022,cockrub71,"RT @Back2TheFunZone: Your fun friendly hairy girl

Come see all my exclusive content ‚¨áÔ∏è 

üçø https://t.co/zGMTT31Oy8 https://t.co/AHZJUNAal5"
1606301719977111552,Friday December 23 14:52:28 2022,Pinkladyxxxxx,@Popekerryteach @Tesco Best sub I have ever seen üòä
1606301719863824384,Friday December 23 14:52:28 2022,kellylwl_,Bad Omens really went ahead and wrote the horniest (read: best) album of the year
1606301719826006017,Friday December 23 14:52:28 2022,BreeZerHolic,"RT @VarunKrRana: Before you make fun of children who believe in Santa Claus, think of adults who believe Rana Ayyub is a journalist."
1606301719817658368,Friday December 23 14:52:28 2022,LangitS7,"RT @hisapkontolku_: Having fun with @Demez_28 (part one - alternate angle)

You have no idea how good I feel when he suck my dick

The vide‚Ä¶"
