,Text
0,edore heasked zentraedi pauseduse bath and body onass noon promo non toyou to you coupon sivvi namshi code ounas discount ounass dog does elephant 
1,link price  winter dog clothes pet cat fur collar jacket coat sweater warm padded puppy apparel small medium aliexpress online shopping buy 
2, wrongstowrite shoe dog terrific 
3, realnoobu codmobilein my dog she really wants see his brother get legendary not like post her please hoomans 
4,  m s tree watch maintain beyond dog 
5,  wind dog tough data prepare become wind they grinning squinting face smiling face with hearts love letter waving hand relieved face 
6, sir digby c s costco gas about cents less too also highly recommend  hot dog 
7, context my dog s name mika
8,q  not leave your dog inside all day 
9, bigmeezyenergy they can depend me whatever im not trying debate laughing out loud im telling you relationship have my brothers dog human are completely different dnt have get deep you ameir you not them face with tears of joy 
10, daichitime nothing against game got little freaked out when she explained all pony families she was into why her brother was her ex husband her dog was some kind pet son not good first impression
11,does anyone have any tips helping your dog through depressive episode been almost month cannot perk little guy up 
12,celebrity dog trainer filmed model girlfriend s deadly ft balcony plunge instead helping her read more gt gt 
13, firesisterbee thank you karenmy name based off like dog girls like inugami korone am not white woman loudly crying face loudly crying face 
14, picture crazy like you corn dog place wrapped pride flag like you concert taking picture some trainees 
15,what can help if my dog has diarrhea vomiting if we observe our dog has diarrhea we should only induce vomiting our dog when we are faced an emergency situation because animal has drunk some detergent or other intoxicant or 
16, joncoopertweets my dog
17,brings stray dog home proceeds sexually lick its mouth inuhiro inuninattara anime 
18, annecla scale from  awfulness she dog 
19, theerealchriss imagine if white dude did said what cameronmaybin did said tried getting mad dog fired espn he thought was skip first take steven holy shit they would have been biggest racist trump supporter ever thinking certain race all look same 
20,I am gonna need airlines make frequent flyer miles flying your dog thing 
21,everytime see dog timeline die laughing loudly crying face 
22,stormy night barky dog bad night s sleep
23,me all day long struggling focus significant other bouncing between outstanding projects getting some work donemy brain while walking dog gonna smash entirety zakkura au you have kind been thinking about into your head twenty minutes hope you can remember 
24, badvaccinetakes oneunderscore why would be easier give cat or dog vaccines than face without mouth 
25, not have confidence shit big stall my internship yet not top dog enough yet
26,"want see more learn about fredericksburg s rowe family s history  brown childhood scrapbook scottie dog november  anne martin wilson sandra maynard alma rowe "
27,straw pickles dog chopsticks fried rice ranch napkin  s 
28,an animal besides dog you have been chased by 
29, dog rates short snouted snow gazelle rolling on the floor laughing rolling on the floor laughing rolling on the floor laughing rolling on the floor laughing rolling on the floor laughing rolling on the floor laughing rolling on the floor laughing rolling on the floor laughing rolling on the floor laughing rolling on the floor laughing rolling on the floor laughing rolling on the floor laughing rolling on the floor laughing rolling on the floor laughing rolling on the floor laughing rolling on the floor laughing rolling on the floor laughing rolling on the floor laughing rolling on the floor laughing rolling on the floor laughing rolling on the floor laughing rolling on the floor laughing rolling on the floor laughing rolling on the floor laughing got me wondering how many people have come close literally dying laughing your ratings cause they did not know they should not eat or drink while browsing 
30,does look like dog track 
31, mexc global police car light bonk now live mexc police car light bonk inu or bonk people s dog coin  first solana dog coin by people people find out small blue diamond how works small blue diamond how win more rewards small blue diamond how buy right arrow 
32, degsnft cool dog grinning face 
33,waitlist alive arimc muck sagarc muaisusu tanteafa sri kumar kinchan hepinyuyer gourmet hot dog winlaelaeaye nftfrenchie dkuixote jimmyballs mtafive goslinkkanazawa
34, eraserheadwares rooc he got banned hating guy failed dog kick video 
35, unlovedhands absolutely first few months stede clutching his pearls somehow acting like old salty dog who his senior blushing virgin really fucking funny everyone else though izzy briefly pats him shoulder lucius gasps mock scandal 
36,sometimes when my work day stresses me out start spouting gibberish like donnie thornberry my dog
37,my life as inukai san s dog only self insert anime approve
38,highest waiting times wdw avatar flight passage  minremy s ratatouille adventure  minseven dwarfs mine train  min twilight zone tower terror  minslinky dog dash  min avatarflightofpassage pandora wdw wdwlive
39, kachiblog marvy olu cenbank nigeriagov sure say as you are mama carry you are belle dog de knack dats why you act think like dog dog sperm wey you drink you are mama belle make you de act like dog dog if dem never tell you don tell you today
40, degsnft significant other cool dog need invite right now
41, my dog 
42, chinedugodwill bros you dey dog mind 
43, mayagtrades every chain has its own share dogs  dissonance dog awful grifters are gone narrative disappointing hopefully market will start responding distributed computing rather than dog computing
44, dog riverside drive oddawa likes putty cats ctvfakenews 
45, crystalhope kaladin blackhannity reminds me hound dog 
46, joncoopertweets my dog dog face he smarter than any lying politician 
47,patronising fat twat toryincompetence lap dog always has been always will be 
48,wait below daily avg cars road trip m rc racer vitesse maximale m slinky dog zig zag spin m spider man with e b adventure m toy soldiers parachute drop m disneylandparis hivergourmand  
49, queenvlm rangerthedogg phibotticelli stanpic stephchambers rotrujo benjitibetan shennywalrond markblk debrabyrne normanthecairn jennystape vwcecil h myles ctinebean sweetabby dudley doodle lj doodle susansm dog phoebe iggiesrule badpiratemonkey strivsmiller goobie please not painting queen v you are going get overtired  really not good
50,why you always barking like doge oo significant other sory you are really dog kio logo ko fake news sunakar negative krr rha hae kutte agar yeh sach hae toh coin ka name bta bloody bastered 
51, thelastofusfra s annonce incroyable pour naughty dog
52, kiyan dog carolvorders davidharpham not matter who made rules wrong 
53, dog should not spend all their life leashthey need aerobic exercise brain development longevity but they also get stressed when they see unfair treatmentwhen they are leashed but surrounded by dogs who can roam free they get stressed out 
54, know thy ledge lobalo layahheilpern sovereignty not issue extortion crime governments extorted populaces take jab suspect you are about as sovereign as my dog dole gobbing off 
55,   republican staff relate send dog whose suggest relate heart with arrow zipper mouth face face with raised eyebrow love letter pinching hand 
56, my daily walks dog follows me other than incredibly friendly he significant other photogenic 
57, linoslayz terimashehr tough crowd tough crowd sheesh I am taking dog fuck both kid wife then
58, ladyhobi when yoongi has his dog along mickey inevitably happens face holding back tears 
59, really want chicken tender dog you guys
60,more excited about finding stick than dog they play cool 
61, jabsy guildford golf I am hoping get stopped lusted after by every dog walker passer by like jabsy housewives favourite 
62,adoptable dog blake sccoca when I am out shelter I am significant other happy calm amp want be around people 
63, snygiants he best he like coach grew up playing walking swinging his whistle walking around like he top dog food chain love prayers hamlin
64, infrarogue insomniac naughty dog was buying sony what the fuck xd
65, catlowry database have had several rescues same meds over years currently my blind deaf ex stud dog from puppy farmer sad but relieved face 
66, carlbovisnature dog eat dog bird land
67,my dog tried trip me loudly crying face 
68,if god dog man fraud then I am lost cause 
69,making change easier new canine support app when you enrol any canine support dog training course caninesupport dogtraining reactivedog dogsoftwitter 
70,togo now available adoption male pomeranian yr mths old learn more 
71,tiana now available adoption female pomeranian yr mths old learn more 
72, sventystnad time hitch dog sled 
73,instead simple cut gabriel feitosa uses opawz non toxic vegan dye designed dogs turn his client s pets into zoo animals 
74, kevin s going keep pushing forward because tail does not wag dog mccathy supporter gop rep david joyce tells jaketapper despite fourth apparent loss 
75, therickwilson dog eat dog world I am sure if they had tails they would bite there own ass off 
76, smugry my life as inukai san s dog guy reborn as his classmates dog who she eventually fucks indeed an ecchi  minutes dedicated bath scene
77, myboxerluvmac you truly have be heartless leave your dog kill shelter understand some not have choice give them up but you have choice bring them non kill shelter all these fur babies are breaking my heart broken heart broken heart 
78, naughty dog my birthday two days im looking company redemption rewards employment start opportunities events affilate campaigns birthday parties gifts travel tickets vouchers presents 
79,has there ever been happier or cuter dog red heart 
80, naughty dog one greatest things I have ever experienced my life part was first game played ps part my all time favorite multiplayer not me but will definitely check out cant wait part  love how neil druckmann direct their games 
81,napkin chopsticks ranch dog pickles fried rice straw  
82, tomfrankly who needs an alarm when you have dog one thing not miss about having dog grinning face with sweat 
83, an alternate universe where words are spelled backwards people would pray dog bad people would be tormented by lived
84,when your dog does not like selfie 
85, minitechbear what about dog doing your hair you rolling on the floor laughing rolling on the floor laughing rolling on the floor laughing 
86, atomicbanana ladyrandom yeah my parents have his dog friend she similar face with tears of joy 
87,call upon government canada work dog rescues animal rights advocates ensure government policy dog importations keeps canadians safe without increasing number animals shelters or streets globally spcamontreal 
88, tahk robot dog unlocked core memory oh my god had one those
89, realized age my aunt named our dog pugsley addams because addams family man standing I am significant other fucking stupid omfg
90,we n q dog edawrn theigr living em                
91,my little brother dog fire 
92, celebration th anniversary last us naughty dog releases new multiplayer concept art teases future franchise 
93, waldo rooc he replied video guy trying kick dog only fail fall over saying hoped he really hurt himself dislike him his anti woke views all day but reason he got banned absurd 
94, chinedugodwill dog way don make plans face with tears of joy 
95,waitlist alive mak lilyalilya ayesar chameleonilefo v bucho x dog nft jasonlim nawas mridha davillam aezymode donzombie natchapopsicle nrsrnft fanwiped huilee
96,mikes tall can lunch oh corn dog laughing my ass off
97, g r x  r lood dog deserves good bone 
98, jrandleburg jimbobleu stephenasmith nyknicks I am going have side jerimiah here personally think knicks are about as good as left cheek dog s ass they will get waxed even if they make playoffs I would be willing put all my okay money knicks not making finals year son
99, tomfrankly which means need pet dog now face with tears of joy 
100, want hot dog significant other bad right now 
101, repmtg sez lying dog who makes up shit get attention 
102,edore heasked zentraedi pauseduse bath and body onass noon promo non toyou to you coupon sivvi namshi code ounas discount ounass dog does elephant 
103,link price  winter dog clothes pet cat fur collar jacket coat sweater warm padded puppy apparel small medium aliexpress online shopping buy 
104, wrongstowrite shoe dog terrific 
105, realnoobu codmobilein my dog she really wants see his brother get legendary not like post her please hoomans 
106,  m s tree watch maintain beyond dog 
107,  wind dog tough data prepare become wind they grinning squinting face smiling face with hearts love letter waving hand relieved face 
108, sir digby c s costco gas about cents less too also highly recommend  hot dog 
109, context my dog s name mika
110,q  not leave your dog inside all day 
111, bigmeezyenergy they can depend me whatever im not trying debate laughing out loud im telling you relationship have my brothers dog human are completely different dnt have get deep you ameir you not them face with tears of joy 
112, daichitime nothing against game got little freaked out when she explained all pony families she was into why her brother was her ex husband her dog was some kind pet son not good first impression
113,does anyone have any tips helping your dog through depressive episode been almost month cannot perk little guy up 
114,celebrity dog trainer filmed model girlfriend s deadly ft balcony plunge instead helping her read more gt gt 
115, firesisterbee thank you karenmy name based off like dog girls like inugami korone am not white woman loudly crying face loudly crying face 
116, picture crazy like you corn dog place wrapped pride flag like you concert taking picture some trainees 
117,what can help if my dog has diarrhea vomiting if we observe our dog has diarrhea we should only induce vomiting our dog when we are faced an emergency situation because animal has drunk some detergent or other intoxicant or 
118, joncoopertweets my dog
119,brings stray dog home proceeds sexually lick its mouth inuhiro inuninattara anime 
120, annecla scale from  awfulness she dog 
121, theerealchriss imagine if white dude did said what cameronmaybin did said tried getting mad dog fired espn he thought was skip first take steven holy shit they would have been biggest racist trump supporter ever thinking certain race all look same 
122,I am gonna need airlines make frequent flyer miles flying your dog thing 
123,everytime see dog timeline die laughing loudly crying face 
124,stormy night barky dog bad night s sleep
125,me all day long struggling focus significant other bouncing between outstanding projects getting some work donemy brain while walking dog gonna smash entirety zakkura au you have kind been thinking about into your head twenty minutes hope you can remember 
126, badvaccinetakes oneunderscore why would be easier give cat or dog vaccines than face without mouth 
127, not have confidence shit big stall my internship yet not top dog enough yet
128,"want see more learn about fredericksburg s rowe family s history  brown childhood scrapbook scottie dog november  anne martin wilson sandra maynard alma rowe "
129,straw pickles dog chopsticks fried rice ranch napkin  s 
130,an animal besides dog you have been chased by 
131, dog rates short snouted snow gazelle rolling on the floor laughing rolling on the floor laughing rolling on the floor laughing rolling on the floor laughing rolling on the floor laughing rolling on the floor laughing rolling on the floor laughing rolling on the floor laughing rolling on the floor laughing rolling on the floor laughing rolling on the floor laughing rolling on the floor laughing rolling on the floor laughing rolling on the floor laughing rolling on the floor laughing rolling on the floor laughing rolling on the floor laughing rolling on the floor laughing rolling on the floor laughing rolling on the floor laughing rolling on the floor laughing rolling on the floor laughing rolling on the floor laughing rolling on the floor laughing got me wondering how many people have come close literally dying laughing your ratings cause they did not know they should not eat or drink while browsing 
132,does look like dog track 
133, mexc global police car light bonk now live mexc police car light bonk inu or bonk people s dog coin  first solana dog coin by people people find out small blue diamond how works small blue diamond how win more rewards small blue diamond how buy right arrow 
134, degsnft cool dog grinning face 
135,waitlist alive arimc muck sagarc muaisusu tanteafa sri kumar kinchan hepinyuyer gourmet hot dog winlaelaeaye nftfrenchie dkuixote jimmyballs mtafive goslinkkanazawa
136, eraserheadwares rooc he got banned hating guy failed dog kick video 
137, unlovedhands absolutely first few months stede clutching his pearls somehow acting like old salty dog who his senior blushing virgin really fucking funny everyone else though izzy briefly pats him shoulder lucius gasps mock scandal 
138,sometimes when my work day stresses me out start spouting gibberish like donnie thornberry my dog
139,my life as inukai san s dog only self insert anime approve
140,highest waiting times wdw avatar flight passage  minremy s ratatouille adventure  minseven dwarfs mine train  min twilight zone tower terror  minslinky dog dash  min avatarflightofpassage pandora wdw wdwlive
141, kachiblog marvy olu cenbank nigeriagov sure say as you are mama carry you are belle dog de knack dats why you act think like dog dog sperm wey you drink you are mama belle make you de act like dog dog if dem never tell you don tell you today
142, degsnft significant other cool dog need invite right now
143, my dog 
144, chinedugodwill bros you dey dog mind 
145, mayagtrades every chain has its own share dogs  dissonance dog awful grifters are gone narrative disappointing hopefully market will start responding distributed computing rather than dog computing
146, dog riverside drive oddawa likes putty cats ctvfakenews 
147, crystalhope kaladin blackhannity reminds me hound dog 
148, joncoopertweets my dog dog face he smarter than any lying politician 
149,patronising fat twat toryincompetence lap dog always has been always will be 
150,wait below daily avg cars road trip m rc racer vitesse maximale m slinky dog zig zag spin m spider man with e b adventure m toy soldiers parachute drop m disneylandparis hivergourmand  
151, queenvlm rangerthedogg phibotticelli stanpic stephchambers rotrujo benjitibetan shennywalrond markblk debrabyrne normanthecairn jennystape vwcecil h myles ctinebean sweetabby dudley doodle lj doodle susansm dog phoebe iggiesrule badpiratemonkey strivsmiller goobie please not painting queen v you are going get overtired  really not good
152,why you always barking like doge oo significant other sory you are really dog kio logo ko fake news sunakar negative krr rha hae kutte agar yeh sach hae toh coin ka name bta bloody bastered 
153, thelastofusfra s annonce incroyable pour naughty dog
154, kiyan dog carolvorders davidharpham not matter who made rules wrong 
155, dog should not spend all their life leashthey need aerobic exercise brain development longevity but they also get stressed when they see unfair treatmentwhen they are leashed but surrounded by dogs who can roam free they get stressed out 
156, know thy ledge lobalo layahheilpern sovereignty not issue extortion crime governments extorted populaces take jab suspect you are about as sovereign as my dog dole gobbing off 
157,   republican staff relate send dog whose suggest relate heart with arrow zipper mouth face face with raised eyebrow love letter pinching hand 
158, my daily walks dog follows me other than incredibly friendly he significant other photogenic 
159, linoslayz terimashehr tough crowd tough crowd sheesh I am taking dog fuck both kid wife then
160, ladyhobi when yoongi has his dog along mickey inevitably happens face holding back tears 
161, really want chicken tender dog you guys
162,more excited about finding stick than dog they play cool 
163, jabsy guildford golf I am hoping get stopped lusted after by every dog walker passer by like jabsy housewives favourite 
164,adoptable dog blake sccoca when I am out shelter I am significant other happy calm amp want be around people 
165, snygiants he best he like coach grew up playing walking swinging his whistle walking around like he top dog food chain love prayers hamlin
166, infrarogue insomniac naughty dog was buying sony what the fuck xd
167, catlowry database have had several rescues same meds over years currently my blind deaf ex stud dog from puppy farmer sad but relieved face 
168, carlbovisnature dog eat dog bird land
169,my dog tried trip me loudly crying face 
170,if god dog man fraud then I am lost cause 
171,making change easier new canine support app when you enrol any canine support dog training course caninesupport dogtraining reactivedog dogsoftwitter 
172,togo now available adoption male pomeranian yr mths old learn more 
173,tiana now available adoption female pomeranian yr mths old learn more 
174, sventystnad time hitch dog sled 
175,instead simple cut gabriel feitosa uses opawz non toxic vegan dye designed dogs turn his client s pets into zoo animals 
176, kevin s going keep pushing forward because tail does not wag dog mccathy supporter gop rep david joyce tells jaketapper despite fourth apparent loss 
177, therickwilson dog eat dog world I am sure if they had tails they would bite there own ass off 
178, smugry my life as inukai san s dog guy reborn as his classmates dog who she eventually fucks indeed an ecchi  minutes dedicated bath scene
179, myboxerluvmac you truly have be heartless leave your dog kill shelter understand some not have choice give them up but you have choice bring them non kill shelter all these fur babies are breaking my heart broken heart broken heart 
180, naughty dog my birthday two days im looking company redemption rewards employment start opportunities events affilate campaigns birthday parties gifts travel tickets vouchers presents 
181,has there ever been happier or cuter dog red heart 
182, naughty dog one greatest things I have ever experienced my life part was first game played ps part my all time favorite multiplayer not me but will definitely check out cant wait part  love how neil druckmann direct their games 
183,napkin chopsticks ranch dog pickles fried rice straw  
184, tomfrankly who needs an alarm when you have dog one thing not miss about having dog grinning face with sweat 
185, an alternate universe where words are spelled backwards people would pray dog bad people would be tormented by lived
186,when your dog does not like selfie 
187, minitechbear what about dog doing your hair you rolling on the floor laughing rolling on the floor laughing rolling on the floor laughing 
188, atomicbanana ladyrandom yeah my parents have his dog friend she similar face with tears of joy 
189,call upon government canada work dog rescues animal rights advocates ensure government policy dog importations keeps canadians safe without increasing number animals shelters or streets globally spcamontreal 
190, tahk robot dog unlocked core memory oh my god had one those
191, realized age my aunt named our dog pugsley addams because addams family man standing I am significant other fucking stupid omfg
192,we n q dog edawrn theigr living em                
193,my little brother dog fire 
194, celebration th anniversary last us naughty dog releases new multiplayer concept art teases future franchise 
195, waldo rooc he replied video guy trying kick dog only fail fall over saying hoped he really hurt himself dislike him his anti woke views all day but reason he got banned absurd 
196, jrandleburg jimbobleu stephenasmith nyknicks I am going have side jerimiah here personally think knicks are about as good as left cheek dog s ass they will get waxed even if they make playoffs I would be willing put all my okay money knicks not making finals year son
197, tomfrankly which means need pet dog now face with tears of joy 
198, want hot dog significant other bad right now 
199, repmtg sez lying dog who makes up shit get attention 
200,edore heasked zentraedi pauseduse bath and body onass noon promo non toyou to you coupon sivvi namshi code ounas discount ounass dog does elephant 
201,link price  winter dog clothes pet cat fur collar jacket coat sweater warm padded puppy apparel small medium aliexpress online shopping buy 
202, wrongstowrite shoe dog terrific 
203, realnoobu codmobilein my dog she really wants see his brother get legendary not like post her please hoomans 
204,  m s tree watch maintain beyond dog 
205,  wind dog tough data prepare become wind they grinning squinting face smiling face with hearts love letter waving hand relieved face 
206, sir digby c s costco gas about cents less too also highly recommend  hot dog 
207, context my dog s name mika
208,q  not leave your dog inside all day 
209, bigmeezyenergy they can depend me whatever im not trying debate laughing out loud im telling you relationship have my brothers dog human are completely different dnt have get deep you ameir you not them face with tears of joy 
210, daichitime nothing against game got little freaked out when she explained all pony families she was into why her brother was her ex husband her dog was some kind pet son not good first impression
211,does anyone have any tips helping your dog through depressive episode been almost month cannot perk little guy up 
212,celebrity dog trainer filmed model girlfriend s deadly ft balcony plunge instead helping her read more gt gt 
213, firesisterbee thank you karenmy name based off like dog girls like inugami korone am not white woman loudly crying face loudly crying face 
214, picture crazy like you corn dog place wrapped pride flag like you concert taking picture some trainees 
215,what can help if my dog has diarrhea vomiting if we observe our dog has diarrhea we should only induce vomiting our dog when we are faced an emergency situation because animal has drunk some detergent or other intoxicant or 
216, joncoopertweets my dog
217,brings stray dog home proceeds sexually lick its mouth inuhiro inuninattara anime 
218, annecla scale from  awfulness she dog 
219, theerealchriss imagine if white dude did said what cameronmaybin did said tried getting mad dog fired espn he thought was skip first take steven holy shit they would have been biggest racist trump supporter ever thinking certain race all look same 
220,I am gonna need airlines make frequent flyer miles flying your dog thing 
221,everytime see dog timeline die laughing loudly crying face 
222,stormy night barky dog bad night s sleep
223,me all day long struggling focus significant other bouncing between outstanding projects getting some work donemy brain while walking dog gonna smash entirety zakkura au you have kind been thinking about into your head twenty minutes hope you can remember 
224, badvaccinetakes oneunderscore why would be easier give cat or dog vaccines than face without mouth 
225, not have confidence shit big stall my internship yet not top dog enough yet
226,"want see more learn about fredericksburg s rowe family s history  brown childhood scrapbook scottie dog november  anne martin wilson sandra maynard alma rowe "
227,straw pickles dog chopsticks fried rice ranch napkin  s 
228,an animal besides dog you have been chased by 
229, dog rates short snouted snow gazelle rolling on the floor laughing rolling on the floor laughing rolling on the floor laughing rolling on the floor laughing rolling on the floor laughing rolling on the floor laughing rolling on the floor laughing rolling on the floor laughing rolling on the floor laughing rolling on the floor laughing rolling on the floor laughing rolling on the floor laughing rolling on the floor laughing rolling on the floor laughing rolling on the floor laughing rolling on the floor laughing rolling on the floor laughing rolling on the floor laughing rolling on the floor laughing rolling on the floor laughing rolling on the floor laughing rolling on the floor laughing rolling on the floor laughing rolling on the floor laughing got me wondering how many people have come close literally dying laughing your ratings cause they did not know they should not eat or drink while browsing 
230,does look like dog track 
231, mexc global police car light bonk now live mexc police car light bonk inu or bonk people s dog coin  first solana dog coin by people people find out small blue diamond how works small blue diamond how win more rewards small blue diamond how buy right arrow 
232, degsnft cool dog grinning face 
233,waitlist alive arimc muck sagarc muaisusu tanteafa sri kumar kinchan hepinyuyer gourmet hot dog winlaelaeaye nftfrenchie dkuixote jimmyballs mtafive goslinkkanazawa
234, eraserheadwares rooc he got banned hating guy failed dog kick video 
235, unlovedhands absolutely first few months stede clutching his pearls somehow acting like old salty dog who his senior blushing virgin really fucking funny everyone else though izzy briefly pats him shoulder lucius gasps mock scandal 
236,sometimes when my work day stresses me out start spouting gibberish like donnie thornberry my dog
237,my life as inukai san s dog only self insert anime approve
238,highest waiting times wdw avatar flight passage  minremy s ratatouille adventure  minseven dwarfs mine train  min twilight zone tower terror  minslinky dog dash  min avatarflightofpassage pandora wdw wdwlive
239, kachiblog marvy olu cenbank nigeriagov sure say as you are mama carry you are belle dog de knack dats why you act think like dog dog sperm wey you drink you are mama belle make you de act like dog dog if dem never tell you don tell you today
240, degsnft significant other cool dog need invite right now
241, my dog 
242, chinedugodwill bros you dey dog mind 
243, mayagtrades every chain has its own share dogs  dissonance dog awful grifters are gone narrative disappointing hopefully market will start responding distributed computing rather than dog computing
244, dog riverside drive oddawa likes putty cats ctvfakenews 
245, crystalhope kaladin blackhannity reminds me hound dog 
246, joncoopertweets my dog dog face he smarter than any lying politician 
247,patronising fat twat toryincompetence lap dog always has been always will be 
248,wait below daily avg cars road trip m rc racer vitesse maximale m slinky dog zig zag spin m spider man with e b adventure m toy soldiers parachute drop m disneylandparis hivergourmand  
249, queenvlm rangerthedogg phibotticelli stanpic stephchambers rotrujo benjitibetan shennywalrond markblk debrabyrne normanthecairn jennystape vwcecil h myles ctinebean sweetabby dudley doodle lj doodle susansm dog phoebe iggiesrule badpiratemonkey strivsmiller goobie please not painting queen v you are going get overtired  really not good
250,why you always barking like doge oo significant other sory you are really dog kio logo ko fake news sunakar negative krr rha hae kutte agar yeh sach hae toh coin ka name bta bloody bastered 
251, thelastofusfra s annonce incroyable pour naughty dog
252, kiyan dog carolvorders davidharpham not matter who made rules wrong 
253, dog should not spend all their life leashthey need aerobic exercise brain development longevity but they also get stressed when they see unfair treatmentwhen they are leashed but surrounded by dogs who can roam free they get stressed out 
254, know thy ledge lobalo layahheilpern sovereignty not issue extortion crime governments extorted populaces take jab suspect you are about as sovereign as my dog dole gobbing off 
255,   republican staff relate send dog whose suggest relate heart with arrow zipper mouth face face with raised eyebrow love letter pinching hand 
256, my daily walks dog follows me other than incredibly friendly he significant other photogenic 
257, linoslayz terimashehr tough crowd tough crowd sheesh I am taking dog fuck both kid wife then
258, ladyhobi when yoongi has his dog along mickey inevitably happens face holding back tears 
259, really want chicken tender dog you guys
260,more excited about finding stick than dog they play cool 
261, jabsy guildford golf I am hoping get stopped lusted after by every dog walker passer by like jabsy housewives favourite 
262,adoptable dog blake sccoca when I am out shelter I am significant other happy calm amp want be around people 
263, snygiants he best he like coach grew up playing walking swinging his whistle walking around like he top dog food chain love prayers hamlin
264, infrarogue insomniac naughty dog was buying sony what the fuck xd
265, catlowry database have had several rescues same meds over years currently my blind deaf ex stud dog from puppy farmer sad but relieved face 
266, carlbovisnature dog eat dog bird land
267,my dog tried trip me loudly crying face 
268,if god dog man fraud then I am lost cause 
269,making change easier new canine support app when you enrol any canine support dog training course caninesupport dogtraining reactivedog dogsoftwitter 
270,togo now available adoption male pomeranian yr mths old learn more 
271,tiana now available adoption female pomeranian yr mths old learn more 
272, sventystnad time hitch dog sled 
273,instead simple cut gabriel feitosa uses opawz non toxic vegan dye designed dogs turn his client s pets into zoo animals 
274, kevin s going keep pushing forward because tail does not wag dog mccathy supporter gop rep david joyce tells jaketapper despite fourth apparent loss 
275, therickwilson dog eat dog world I am sure if they had tails they would bite there own ass off 
276, smugry my life as inukai san s dog guy reborn as his classmates dog who she eventually fucks indeed an ecchi  minutes dedicated bath scene
277, myboxerluvmac you truly have be heartless leave your dog kill shelter understand some not have choice give them up but you have choice bring them non kill shelter all these fur babies are breaking my heart broken heart broken heart 
278, naughty dog my birthday two days im looking company redemption rewards employment start opportunities events affilate campaigns birthday parties gifts travel tickets vouchers presents 
279,has there ever been happier or cuter dog red heart 
280, naughty dog one greatest things I have ever experienced my life part was first game played ps part my all time favorite multiplayer not me but will definitely check out cant wait part  love how neil druckmann direct their games 
281,napkin chopsticks ranch dog pickles fried rice straw  
282, tomfrankly who needs an alarm when you have dog one thing not miss about having dog grinning face with sweat 
283, an alternate universe where words are spelled backwards people would pray dog bad people would be tormented by lived
284,when your dog does not like selfie 
285, minitechbear what about dog doing your hair you rolling on the floor laughing rolling on the floor laughing rolling on the floor laughing 
286, atomicbanana ladyrandom yeah my parents have his dog friend she similar face with tears of joy 
287,call upon government canada work dog rescues animal rights advocates ensure government policy dog importations keeps canadians safe without increasing number animals shelters or streets globally spcamontreal 
288, tahk robot dog unlocked core memory oh my god had one those
289, realized age my aunt named our dog pugsley addams because addams family man standing I am significant other fucking stupid omfg
290,we n q dog edawrn theigr living em                
291,my little brother dog fire 
292, celebration th anniversary last us naughty dog releases new multiplayer concept art teases future franchise 
293, waldo rooc he replied video guy trying kick dog only fail fall over saying hoped he really hurt himself dislike him his anti woke views all day but reason he got banned absurd 
294,my gays their gay dog ignore my crusty computer 
295, jrandleburg jimbobleu stephenasmith nyknicks I am going have side jerimiah here personally think knicks are about as good as left cheek dog s ass they will get waxed even if they make playoffs I would be willing put all my okay money knicks not making finals year son
296, tomfrankly which means need pet dog now face with tears of joy 
297, want hot dog significant other bad right now 
298, repmtg sez lying dog who makes up shit get attention 
299,edore heasked zentraedi pauseduse bath and body onass noon promo non toyou to you coupon sivvi namshi code ounas discount ounass dog does elephant 
300,link price  winter dog clothes pet cat fur collar jacket coat sweater warm padded puppy apparel small medium aliexpress online shopping buy 
301, wrongstowrite shoe dog terrific 
302, realnoobu codmobilein my dog she really wants see his brother get legendary not like post her please hoomans 
303,  m s tree watch maintain beyond dog 
304,  wind dog tough data prepare become wind they grinning squinting face smiling face with hearts love letter waving hand relieved face 
305, sir digby c s costco gas about cents less too also highly recommend  hot dog 
306, context my dog s name mika
307,q  not leave your dog inside all day 
308, bigmeezyenergy they can depend me whatever im not trying debate laughing out loud im telling you relationship have my brothers dog human are completely different dnt have get deep you ameir you not them face with tears of joy 
309, daichitime nothing against game got little freaked out when she explained all pony families she was into why her brother was her ex husband her dog was some kind pet son not good first impression
310,does anyone have any tips helping your dog through depressive episode been almost month cannot perk little guy up 
311,celebrity dog trainer filmed model girlfriend s deadly ft balcony plunge instead helping her read more gt gt 
312, firesisterbee thank you karenmy name based off like dog girls like inugami korone am not white woman loudly crying face loudly crying face 
313, picture crazy like you corn dog place wrapped pride flag like you concert taking picture some trainees 
314,what can help if my dog has diarrhea vomiting if we observe our dog has diarrhea we should only induce vomiting our dog when we are faced an emergency situation because animal has drunk some detergent or other intoxicant or 
315, joncoopertweets my dog
316,brings stray dog home proceeds sexually lick its mouth inuhiro inuninattara anime 
317, annecla scale from  awfulness she dog 
318, theerealchriss imagine if white dude did said what cameronmaybin did said tried getting mad dog fired espn he thought was skip first take steven holy shit they would have been biggest racist trump supporter ever thinking certain race all look same 
319,I am gonna need airlines make frequent flyer miles flying your dog thing 
320,everytime see dog timeline die laughing loudly crying face 
321,stormy night barky dog bad night s sleep
322,me all day long struggling focus significant other bouncing between outstanding projects getting some work donemy brain while walking dog gonna smash entirety zakkura au you have kind been thinking about into your head twenty minutes hope you can remember 
323, badvaccinetakes oneunderscore why would be easier give cat or dog vaccines than face without mouth 
324, not have confidence shit big stall my internship yet not top dog enough yet
325,"want see more learn about fredericksburg s rowe family s history  brown childhood scrapbook scottie dog november  anne martin wilson sandra maynard alma rowe "
326,straw pickles dog chopsticks fried rice ranch napkin  s 
327,an animal besides dog you have been chased by 
328, dog rates short snouted snow gazelle rolling on the floor laughing rolling on the floor laughing rolling on the floor laughing rolling on the floor laughing rolling on the floor laughing rolling on the floor laughing rolling on the floor laughing rolling on the floor laughing rolling on the floor laughing rolling on the floor laughing rolling on the floor laughing rolling on the floor laughing rolling on the floor laughing rolling on the floor laughing rolling on the floor laughing rolling on the floor laughing rolling on the floor laughing rolling on the floor laughing rolling on the floor laughing rolling on the floor laughing rolling on the floor laughing rolling on the floor laughing rolling on the floor laughing rolling on the floor laughing got me wondering how many people have come close literally dying laughing your ratings cause they did not know they should not eat or drink while browsing 
329,does look like dog track 
330, mexc global police car light bonk now live mexc police car light bonk inu or bonk people s dog coin  first solana dog coin by people people find out small blue diamond how works small blue diamond how win more rewards small blue diamond how buy right arrow 
331, degsnft cool dog grinning face 
332,waitlist alive arimc muck sagarc muaisusu tanteafa sri kumar kinchan hepinyuyer gourmet hot dog winlaelaeaye nftfrenchie dkuixote jimmyballs mtafive goslinkkanazawa
333, eraserheadwares rooc he got banned hating guy failed dog kick video 
334, unlovedhands absolutely first few months stede clutching his pearls somehow acting like old salty dog who his senior blushing virgin really fucking funny everyone else though izzy briefly pats him shoulder lucius gasps mock scandal 
335,sometimes when my work day stresses me out start spouting gibberish like donnie thornberry my dog
336,my life as inukai san s dog only self insert anime approve
337,highest waiting times wdw avatar flight passage  minremy s ratatouille adventure  minseven dwarfs mine train  min twilight zone tower terror  minslinky dog dash  min avatarflightofpassage pandora wdw wdwlive
338, kachiblog marvy olu cenbank nigeriagov sure say as you are mama carry you are belle dog de knack dats why you act think like dog dog sperm wey you drink you are mama belle make you de act like dog dog if dem never tell you don tell you today
339, degsnft significant other cool dog need invite right now
340, my dog 
341, chinedugodwill bros you dey dog mind 
342, mayagtrades every chain has its own share dogs  dissonance dog awful grifters are gone narrative disappointing hopefully market will start responding distributed computing rather than dog computing
343, dog riverside drive oddawa likes putty cats ctvfakenews 
344, crystalhope kaladin blackhannity reminds me hound dog 
345, joncoopertweets my dog dog face he smarter than any lying politician 
346,patronising fat twat toryincompetence lap dog always has been always will be 
347,wait below daily avg cars road trip m rc racer vitesse maximale m slinky dog zig zag spin m spider man with e b adventure m toy soldiers parachute drop m disneylandparis hivergourmand  
348, queenvlm rangerthedogg phibotticelli stanpic stephchambers rotrujo benjitibetan shennywalrond markblk debrabyrne normanthecairn jennystape vwcecil h myles ctinebean sweetabby dudley doodle lj doodle susansm dog phoebe iggiesrule badpiratemonkey strivsmiller goobie please not painting queen v you are going get overtired  really not good
349,why you always barking like doge oo significant other sory you are really dog kio logo ko fake news sunakar negative krr rha hae kutte agar yeh sach hae toh coin ka name bta bloody bastered 
350, thelastofusfra s annonce incroyable pour naughty dog
351, kiyan dog carolvorders davidharpham not matter who made rules wrong 
352, dog should not spend all their life leashthey need aerobic exercise brain development longevity but they also get stressed when they see unfair treatmentwhen they are leashed but surrounded by dogs who can roam free they get stressed out 
353, know thy ledge lobalo layahheilpern sovereignty not issue extortion crime governments extorted populaces take jab suspect you are about as sovereign as my dog dole gobbing off 
354,   republican staff relate send dog whose suggest relate heart with arrow zipper mouth face face with raised eyebrow love letter pinching hand 
355, my daily walks dog follows me other than incredibly friendly he significant other photogenic 
356, linoslayz terimashehr tough crowd tough crowd sheesh I am taking dog fuck both kid wife then
357, ladyhobi when yoongi has his dog along mickey inevitably happens face holding back tears 
358, really want chicken tender dog you guys
359,more excited about finding stick than dog they play cool 
360, jabsy guildford golf I am hoping get stopped lusted after by every dog walker passer by like jabsy housewives favourite 
361,adoptable dog blake sccoca when I am out shelter I am significant other happy calm amp want be around people 
362, snygiants he best he like coach grew up playing walking swinging his whistle walking around like he top dog food chain love prayers hamlin
363, infrarogue insomniac naughty dog was buying sony what the fuck xd
364, catlowry database have had several rescues same meds over years currently my blind deaf ex stud dog from puppy farmer sad but relieved face 
365, carlbovisnature dog eat dog bird land
366,my dog tried trip me loudly crying face 
367,if god dog man fraud then I am lost cause 
368,making change easier new canine support app when you enrol any canine support dog training course caninesupport dogtraining reactivedog dogsoftwitter 
369,togo now available adoption male pomeranian yr mths old learn more 
370,tiana now available adoption female pomeranian yr mths old learn more 
371, sventystnad time hitch dog sled 
372,instead simple cut gabriel feitosa uses opawz non toxic vegan dye designed dogs turn his client s pets into zoo animals 
373, kevin s going keep pushing forward because tail does not wag dog mccathy supporter gop rep david joyce tells jaketapper despite fourth apparent loss 
374, therickwilson dog eat dog world I am sure if they had tails they would bite there own ass off 
375, smugry my life as inukai san s dog guy reborn as his classmates dog who she eventually fucks indeed an ecchi  minutes dedicated bath scene
376, myboxerluvmac you truly have be heartless leave your dog kill shelter understand some not have choice give them up but you have choice bring them non kill shelter all these fur babies are breaking my heart broken heart broken heart 
377, naughty dog my birthday two days im looking company redemption rewards employment start opportunities events affilate campaigns birthday parties gifts travel tickets vouchers presents 
378,has there ever been happier or cuter dog red heart 
379, naughty dog one greatest things I have ever experienced my life part was first game played ps part my all time favorite multiplayer not me but will definitely check out cant wait part  love how neil druckmann direct their games 
380,napkin chopsticks ranch dog pickles fried rice straw  
381, tomfrankly who needs an alarm when you have dog one thing not miss about having dog grinning face with sweat 
382, an alternate universe where words are spelled backwards people would pray dog bad people would be tormented by lived
383,when your dog does not like selfie 
384, minitechbear what about dog doing your hair you rolling on the floor laughing rolling on the floor laughing rolling on the floor laughing 
385, atomicbanana ladyrandom yeah my parents have his dog friend she similar face with tears of joy 
386,call upon government canada work dog rescues animal rights advocates ensure government policy dog importations keeps canadians safe without increasing number animals shelters or streets globally spcamontreal 
387, tahk robot dog unlocked core memory oh my god had one those
388, realized age my aunt named our dog pugsley addams because addams family man standing I am significant other fucking stupid omfg
389,we n q dog edawrn theigr living em                
390,my little brother dog fire 
391, celebration th anniversary last us naughty dog releases new multiplayer concept art teases future franchise 
