1607803753327128576,Tuesday December 27 18:21:00 2022,bcbiloxi,@BeyondtheMnstr The Red Sox have no clue what clubhouse presence is or how important it is. This guy and Eovaldi have it. X had it. Papi had it. You need that.
1607803753326907394,Tuesday December 27 18:21:00 2022,AnybodyCoinbase,@yugacohler @brian_armstrong @coinbase mainstream adoptions of crypto or of the company shares?
1607803753318731776,Tuesday December 27 18:21:00 2022,Sarfu_Official,"RT @KumariRukshmani: Happy birthday rockstar @BeingSalmanKhan May you keep shining always. 
#HappyBirthdaySalmanKhan https://t.co/wwL6JmM6ag"
1607803753301774336,Tuesday December 27 18:21:00 2022,soulive03,THE POLAR EXPRESS https://t.co/OiNf6assUt
1607803753276620806,Tuesday December 27 18:21:00 2022,pradeshonline,Learning to make Sure She is the only - https://t.co/Ry9g5yoYiN
1607803753276530690,Tuesday December 27 18:21:00 2022,PKhounvongsa,@JayBari_ Man I'm tired of these non gaming a$$ people that don't beat games derailing the whole conversation.
1607803753259995136,Tuesday December 27 18:21:00 2022,DCPOPers,RT @KUHoops: RT to wish @CoachBillSelf a very happy birthday ğŸ‰ https://t.co/v7dNEd7aAu
1607803753213661188,Tuesday December 27 18:21:00 2022,XplayPictures,"RT @siphillipssport: Chelsea are playing some of the best football I've seen us play in a while right now. Quick and progressive, it's almoâ€¦"
1607803753201307648,Tuesday December 27 18:21:00 2022,SongFinderBot,"@AnonVideoBot @aceCourtBot2 @pjnb_ @Mellon42356 @BotTheFlag @pikaso_me @DeformBot @MakeItACover @MakeItACover1 @colorize_bot @MakeAlbumCover @ddl_vid1 @ddl_vid2 @yuachan_43 @2p_qZ WOOOOOOOOOOO I FOUND THE SONG!

Tsuikyu - Oitsumerarete by æ‰æ£® é›…å’Œ

Listen to it on YouTube:
https://t.co/5nyA9aCn3I"
1607803753197080577,Tuesday December 27 18:21:00 2022,HereOnly4Salman,RT @Esha_Deol: Happy birthday @BeingSalmanKhan we love you â™¥ï¸ğŸ¤— stay blessed ğŸ§¿â™¥ï¸ https://t.co/QM6ENvxEve
1607803753192914945,Tuesday December 27 18:21:00 2022,naresh_zaveri5,"RT @marizulca: Happy Autumn
ğŸ‚ğŸğŸ‚ğŸğŸ‚ https://t.co/9ElulTTVPs"
1607803753184493568,Tuesday December 27 18:21:00 2022,johnwp_design,@norgan_ @jordanbpeterson The focus on the lack of father child bond makes people like Jordan Peterson rich because heâ€™s able to become the daddy of so many lost boys.
1607803753088036867,Tuesday December 27 18:21:00 2022,_tejranxrid_,"RT @stfu_cherry: Fluctuations in the trÂ£nd count again. 

I'll take a leave now. I'm having a really bad headache. Happy 5th 1M to everyoneâ€¦"
1607803753083834368,Tuesday December 27 18:21:00 2022,MetalSD_68,"@Biscuithammer0 @plz_cock @nino_your @10NewsAcevedo @10News Right, because the EDD and DMV function oh so well ğŸ¤¦â€â™‚ï¸"
1607803753079668736,Tuesday December 27 18:21:00 2022,Oregonsports21,"Elverado/Zeigler-Royalton vs Father McGivney Catholic ~ High School Girl's Basketball Live
Watch Live Game: https://t.co/xhUHKJiKtS
The Elverado/Zeigler-Royalton (Elkville, IL) vs. Father McGivney Catholic (Glen Carbon, IL) today @ 3:30p."
1607803753025146881,Tuesday December 27 18:21:00 2022,ShawnS101,"@kl_queenb ""Would love to go play with the kids! How about you take of the valentine's day heart on my neck?""
Sincerely, 
Midnight.ğŸ¤­ğŸ¤­ğŸ¤­"
1607803753008332801,Tuesday December 27 18:21:00 2022,tmj_sjc_finance,Check out our 25 latest #Finance openings in #SanJose by clicking the link in our bio.
1607803752987389952,Tuesday December 27 18:21:00 2022,DawnWhi70339582,"Adversity is the midwife of genius 
#ä¸Šæµ·çº¿ä¸‹ #ä¸Šæµ· https://t.co/HT9nuOiMEt"
1607803752970596352,Tuesday December 27 18:21:00 2022,Nofafifu_,RT @MarcoLai_23: Arsenal is one of the best teams around in creating numerical superiority on the last line. These frames are taken from thâ€¦
1607803752957845504,Tuesday December 27 18:21:00 2022,LifeNewsHQ,"Woman Abandoned Her Newborn Baby Outside in Freezing Cold, Lied to the Police About Babyâ€™s Location https://t.co/jYssZQVRKR"
1607803752945438720,Tuesday December 27 18:21:00 2022,CoisasDoidas3d,What if we drank coconut water on top of a chocolate and we turn into the backyardigans
1607803752928378881,Tuesday December 27 18:21:00 2022,glamourboymo,@einkxly @aidanthereup Now what in the hell is gender appropriations? https://t.co/BDhQqMD6VT
1607803752903479297,Tuesday December 27 18:21:00 2022,Siouxzh,"@marklevinshow Coming from the party of trump, take a seat. You have zero credibility when it comes to who is lying."
1607803752869920768,Tuesday December 27 18:21:00 2022,DConanersClub_,"""Zero is where everything start. You can't make something if you didn't pass the zero!"" - Shinichi Kudo #DCQuotes"
1607803752857374720,Tuesday December 27 18:21:00 2022,volcanobulge,"RT @Professor_Pecs: Sleep deprivation can definitely lead to some fun GPose ideas.

I give you, ""Le Paradis Perdu"" avec
@Volcanobulge httpsâ€¦"
1607803752840417286,Tuesday December 27 18:21:00 2022,punishedmashi,*reddit voice* welcome to the inter- *gets raped*
1607803752836120578,Tuesday December 27 18:21:00 2022,Awerka,"I'm always amazed how early the Skypiea arc is in One Piece, when people always say it was pretty early for Luffy to face someone like Enel/Eneru I'm like ""nahhhh..."" but I always think it is AFTER the time skip for some reason ğŸ¤£"
1607803752815407112,Tuesday December 27 18:21:00 2022,stlnskissmartin,So-e leave the villa. Oh wait this isnâ€™t love island
1607803752798654464,Tuesday December 27 18:21:00 2022,MEHRSARO,"@AFP Islamic republic wants to get hostage the family of celebrities to silence them.
Today IR regime force lands a commercial airliner carrying #AliDaei (legendary soccer player)'s family en route to Dubai and took them out.
#MahsaAmini 
#IranRevolution"
1607803752785797120,Tuesday December 27 18:21:00 2022,JayneOsullivan6,@misskaren1981 Those were the days! ğŸ˜ğŸ‘Œ
1607803752769269760,Tuesday December 27 18:21:00 2022,bidenbigboi,"Starin out at the lake, when itâ€™s -11 out, grateful that my fiancÃ©eâ€™s dad is a good contractor; observing the splendor of working-class America that was actually able to move up, I do love this place that Iâ€™m from and the people that are in it, I have both family and community."
1607803752760721410,Tuesday December 27 18:21:00 2022,donkeystonka,@degenpoet Thank you fam. The colors are VIBRANT on this one.ğŸ«¶ğŸ¼ğŸ™ğŸ» https://t.co/NfmhyIIOBM
1607803752718925824,Tuesday December 27 18:21:00 2022,Patriot31,@ApeHangerz_HD @seanhannity Thnx for the reminder. I just unfollowed
1607803752710373376,Tuesday December 27 18:21:00 2022,JarrodThoughts,@Kmiracle23 That would be a Browns move. Bring in the guy who seems like a troublemaker and a big headache.
1607803752710291456,Tuesday December 27 18:21:00 2022,ML_9977,@momrryprotecter Iâ€™m only afraid that tammi will sign those divorce papers if louis was publicly single ğŸ’€ letâ€™s hope they get rid of the brett kid first thing
1607803752706355201,Tuesday December 27 18:21:00 2022,A_B_Allen,@fiendformojitos Are these pills from the disc??
1607803752693792768,Tuesday December 27 18:21:00 2022,Scythe_of_lyfe,@jack_turban @phoebeandheruni They forgot the mental illness cartoon panel.
1607803752664399872,Tuesday December 27 18:21:00 2022,rootofallsin,"steps up behind @themagiccrone as she's feeding michael, brushing her silver hair aside as he leans his chin on her shoulder. 

"" darling. "" 

a kiss on her neck. "" apologies for my absence. no rest for the wicked, "" he feels different. and that'll be the different vessel."
1607803752651661315,Tuesday December 27 18:21:00 2022,RecoverinOrphan,"Nobody gets to choose their family. If a person is fortunate enough to be born into a healthy family, life can be like floating down a smooth, gentle river in the summertime, But an unhealhy family is like a dangerous river, filled with rocks, debris, and fast-moving water.ğŸ§µ1 https://t.co/7L93J9P9g0"
1607803752605515776,Tuesday December 27 18:21:00 2022,baddnewsbrandon,Waffle House. By TKO 30 seconds into the first round https://t.co/UOViZ7dsHh
1607803752588931074,Tuesday December 27 18:21:00 2022,turk_kiz1,"RT @Torento_samurai: @cryptojack Gems One of the best crypto with pyro 
ğŸ’¥ğŸ’¥

@pyrotokenerc

#PYRO $PYRO #cryptobox #PyroNation #TrueBurn httâ€¦"
1607803752584720385,Tuesday December 27 18:21:00 2022,JorginhoS7,@francis_scarr The laughing stock of the world.
1607803752563740672,Tuesday December 27 18:21:00 2022,Ranak21,"@yukiiapr happy birthday my love my inspiration of my life @bbrightvc . god blessed u, succsess for your life, career and love, hope u always round in all good people, and i proud of u that naver stop to learn and learn. #25thBrightDay #bbrightvc ğŸ–¤ğŸ¤"
1607803752546971648,Tuesday December 27 18:21:00 2022,Jessica55751187,"#é•‡æ±Ÿå…¼èŒ #é•‡æ±Ÿ #é•‡æ±Ÿçº¿ä¸‹  https://t.co/pmvxcsalRK
Than since best word involve change contain care.
ğŸ˜€ğŸ˜ğŸ¤¨ğŸ˜‹ğŸ‘‹"
1607803752542797824,Tuesday December 27 18:21:00 2022,itsmemiracIe,the chokehold this song and he said she said had on me was crazyyyyy https://t.co/QYMKtXJYk5
1607803752529989632,Tuesday December 27 18:21:00 2022,stzworld,Thatâ€™s it! Boy cut the check https://t.co/p7RTGwuyCV
1607803752513249282,Tuesday December 27 18:21:00 2022,JeanneJ38854863,"Ask yourself whether you are happy and you ce
My mother always wanted to be an actress. She
//
 Ø§Ø°Ø§ Ù†Ù…Øª Ù†Ù… Ù„Ø§Ù…Ù† ÙÙˆÙ‚ Ø³Ø±ÙŠØ± ÙˆØ§Ù† Ù‚Ù…Øª Ù‚Ù… ÙÙŠ ØºØ¨Ø·Ø© 
 Ù„Ùˆ ÙƒÙ†Øª ØµØ§Ø¯Ù‚Ø© Ø¨Ù…Ø§ Ø§Ø®Ø¨Ø±ØªÙ†ÙŠ Ù„Ø±Ø§ÙŠØª Ù…Ù†Ùƒ Ø¹Ù„ÙŠ Ø§Ù„ØµÙØ§
##
#é˜¿å¯¦å…¶é»å…¶ç”¨
https://t.co/mRV2Vj9W44
33333
ØªÙˆÙŠÙˆ Ø§Ù„Ø³Ø¹ÙˆØ¯ÙŠØ© https://t.co/opfIJuorTv"
1607803752500842496,Tuesday December 27 18:21:00 2022,DexterDouglus77,"@RapSheet Javonte Williams was going to be the real game plan. When the Broncos lost him, everyone should have known broncos season was in shambles"
1607803752479686656,Tuesday December 27 18:21:00 2022,annie_1673,"@Sxnny_quinn iâ€™m literally going to cry thank you so much youâ€™re literally the sweetest and the best, you have no idea how happy that flower thing made me i was having such a rubbish day, thank you so much i love you so so muchğŸ«¶ğŸ«¶ğŸ«¶"
1607803752475676674,Tuesday December 27 18:21:00 2022,AshiaHodges,"I hate people who play all day, most time ion even be in the mood for all that like grow up."
1607803752471199751,Tuesday December 27 18:21:00 2022,JAPozueloM,"Hey @pixiebrix do you support accessing xhr requests instead of using jquery selectors? 

Usecase: Get data that is sent to the frontend but isn't displayed."
1607803752429256708,Tuesday December 27 18:21:00 2022,GenshinImpact,"@Hootie_the_hot 
Thank you for participating!
Your prize draw results are...

Oops, better luck next time!

Do check out our official YouTube channel too &gt;&gt;&gt; https://t.co/1rQ91qrnnq https://t.co/eysg5WXIo8"
1607803752349855751,Tuesday December 27 18:21:00 2022,CrawdadsBeat,"34 turnovers in the game, (SS 18). Hickory with a 32-18 advantage in the paint."
1607803752341438464,Tuesday December 27 18:21:00 2022,sportsl91472861,"Lumen Christi Catholic vs Gabriel Richard - HS Basketball Today's Live Game - Broadcast On Demand ğŸ‘‰ ğŸ”— https://t.co/zKxoHAPYw1 - The Gabriel Richard (Ann Arbor, MI) vs. Lumen Christi Catholic (Jackson, MI)"
1607803752337276931,Tuesday December 27 18:21:00 2022,AmitAmitj737,"@dumbletwit I benefited $5,000,000ğŸ’° from the little investment of $1,000 I investedğŸ’°from il Capo Of Crypto channel, click on this link to join his group program on trades trust me you will thank me later.   https://t.co/8wrBQ1zu7D"
1607803752253214720,Tuesday December 27 18:21:00 2022,SteelersNewsNow,Steelers OC Matt Canada Trusted A Rookie Who Never Had Jet Sweep In His Life With Game On The Line In Week 17 #SteelersFootball #HereWeGo #SteelersNation #SteelersFamily https://t.co/2Oq2rOWk98
1607803752248971264,Tuesday December 27 18:21:00 2022,TheFrenchMonk,"2022 was a wild year for the channel. Let's look back on some highlights of the past 12 months shall we?

Rewind 2022 - TheFrenchMonk
Video â†’ https://t.co/aSdku8PDVi https://t.co/ZPNQB0aNeh"
1607803752228192257,Tuesday December 27 18:21:00 2022,simpforbyul,"RT @1107byul1222: 221227 NAVER NOW í‡´ê·¼

ğŸ¹ ìƒˆë³µ ë§Œë‘! ğŸ¥Ÿ
ğŸ¹ happy new year! ğŸ¥Ÿ

- cutie byul ğŸ¥°

#MOONBYUL #ë¬¸ë³„ https://t.co/c4N6r6jDG2"
1607803752203051009,Tuesday December 27 18:21:00 2022,Ian_Martinez10,@CondorSZN We need the pats to win now? Lmaoo
1607803752177893376,Tuesday December 27 18:21:00 2022,recon2121,"@laurenboebert @RandPaul Because we have a bunch of snakes that continue to be supporters of it. I mean this list alone just shows you a small fraction of the POS on the Republican side.  These fucktards need to be removed from their positions as they are unfit to govern, lead, or help this country. https://t.co/1z0w1t9IJa"
1607803752152449025,Tuesday December 27 18:21:00 2022,thegunnarg,A Gallagher cameo is the only thing that could ruin this beautiful game
1607803752127533058,Tuesday December 27 18:21:00 2022,hogjug,@clowngene Project Tokyo Dolls actually did this and it was fucking awesome but everything else about the game is such a horrible cesspool disaster
1607803752085610497,Tuesday December 27 18:21:00 2022,Heather01666085,"I like you,like it all over the mountainsâ£ï¸ ğŸ’‹ ğŸ’‹â£ï¸ ğŸ’‹ ğŸ’‹â£ï¸ ğŸ’‹ 
#å—äº¬çº¿ä¸‹ #å—äº¬ https://t.co/RpdM7kinf5"
1607803752077197312,Tuesday December 27 18:21:00 2022,Kathryn80370448,"Adversity is the midwife of genius 
#ç æµ· #ç æµ·çº¿ä¸‹ https://t.co/uND2Rp7GYC"
1607803752039452672,Tuesday December 27 18:21:00 2022,silentlydeadIy,"+ family; theyâ€™re exhausting. 

 and so is Enid at the moment. who sheâ€™s been listening to ramble on and on about her break for the last hour. she let her mind wonder to a couple other people that sheâ€™s actually looking forward to reuniting withâ€”. more accurately, just one.

 +"
1607803751997349889,Tuesday December 27 18:21:00 2022,LulG25,"Thatâ€™s the game, eat or get ate"
1607803751993331718,Tuesday December 27 18:21:00 2022,Charles94570376,To deny sheep. The https://t.co/FoUwQsRwZn
1607803751993331712,Tuesday December 27 18:21:00 2022,AshleyF82524321,"Adversity is the midwife of genius 
#åˆè‚¥çº¿ä¸‹ #åˆè‚¥ https://t.co/kyaMZUTs2y"
1607803751980564481,Tuesday December 27 18:21:00 2022,PACJWH0,just posted again! my fav song from the smash your head against the wall album. &lt;3 (i NEED that album so much) https://t.co/yUMJahoidA
1607803751947198466,Tuesday December 27 18:21:00 2022,RachaelJeanVFG,"@xgivmgBUMgqtFA4 @RitaPanahi Yes, I am menopausal and take HRT, and when my hormone patch wears off, the cramping is unreal, especially in my guts and muscles."
1607803751905234944,Tuesday December 27 18:21:00 2022,mkane1616,"@scalzi This is a similar strategy to what I have followed with my cell phones. The difference being that I get the second latest option to save a little. For example, I upgraded from iPhone 4 to iPhone 8 about three weeks after iPhone X was released. Iâ€™m still currently using iPhone 8"
1607803751850549252,Tuesday December 27 18:21:00 2022,wtchippendales,"@linda_egg The cracks are starting to show. A new episode of #WelcometoChippendales is streaming now on @hulu.

Reply #stop to opt-out."
1607803751837966337,Tuesday December 27 18:21:00 2022,boopstawista,"Christmas lights the weekend before Christmas weekend, a thread:

DISCLAIMER: I don't own any background music being played here https://t.co/PfENFo4vZi"
1607803751817154560,Tuesday December 27 18:21:00 2022,JamiePr99996576,"I like you,like it all over the mountainsâ£ï¸ ğŸ’‹ ğŸ’‹â£ï¸ ğŸ’‹ ğŸ’‹â£ï¸ ğŸ’‹ ğŸ’‹â£ï¸ ğŸ’‹ ğŸ’‹ 
#ä¸Šæµ· #ä¸Šæµ·çº¿ä¸‹ https://t.co/X44MIDadNk"
1607803751775227911,Tuesday December 27 18:21:00 2022,NetfIixu,@DiscussingFilm â€œWhy are you cryingâ€ â€œim just happy to see youâ€ ğŸ’™
1607803751762362369,Tuesday December 27 18:21:00 2022,DamnSnyder,"@TheBurgundyZone Youâ€™re still too emotional. Nobody has belittled anyoneâ€¦if any of these feelings are true, all it shows is that players from the 70s, 80s, and 90s feel under-represented by Snyder during ceremonies. Not that they think Taylor sucks or isnâ€™t worthy of a wire statue or charity."
1607803751750053890,Tuesday December 27 18:21:00 2022,HepcatinExile,"@sunluvver @macron_robert Oh, the old ""we'd all be speaking German"" line. Reminds me of the old America First group in the 1930s, who either thought we shouldn't bother fighting against Nazis, or that we should actually be on their side."
1607803751737487360,Tuesday December 27 18:21:00 2022,Nerbitisafurry,"@ChicThomas2 You lost me at ""Biden sells children"" this is a little too close to the pizzagate frazzledrip bullshit from 2016."
1607803751712329729,Tuesday December 27 18:21:00 2022,rywilwrite,@amazinggamepro Itâ€™s all playacting for the refs. I canâ€™t take that sport seriously.
1607803751691333632,Tuesday December 27 18:21:00 2022,layne,@tyson204wpg Umbrella Tree is a popular show at bath time around here; the kid is quite jealous
1607803751678771200,Tuesday December 27 18:21:00 2022,XeroLvl,Excited to end the year on a high point and super stoked to share what I got planned next in the new year! https://t.co/7MWL42KAOP
1607803751653576709,Tuesday December 27 18:21:00 2022,Hunnyyounger,@UnitedStandMUFC One of the reasons for our downfall
1607803751640834056,Tuesday December 27 18:21:00 2022,FFCommunity_,"ğŸ’¥ Harry Kane v Aston Villa
ğŸ’¥ Phil Foden v Everton
ğŸ’¥ Wilfried Zaha v Bournemouth 

Gameweek 18 head-to-head records ğŸ‘¨â€ğŸ«ğŸ‘‡

https://t.co/Uhs73e6aXI"
1607803751636647936,Tuesday December 27 18:21:00 2022,WorkinehAbate,"@bryblank1 The cracks are starting to show. A new episode of #WelcometoChippendales is streaming now on @hulu.

Reply #stop to opt-out."
1607803751615848450,Tuesday December 27 18:21:00 2022,BurnMeBaby_420,"by them called Erlik, after the Prince of Darkness, ruled at the birth of   11 #ä¸Šæµ·                   https://t.co/YCJUtGEFjK"
1607803751586500609,Tuesday December 27 18:21:00 2022,OliviaR22168043,"@Vatekanore @arvalis How does it make artists jobs ""way harder""? If anything, a tool like this, should make their jobs ""way easier"" right? No longer having to spend all the time on rough drafts, they can simply ask for a rough draft and edit it to completion."
1607803751536164864,Tuesday December 27 18:21:00 2022,melrod42,The old man said lightlyâ˜… #æ·±åœ³spa #æ·±åœ³æŒ‰æ‘© #æ·±åœ³çº¿ä¸‹  â˜…therefore https://t.co/YF8VeVkfD1
1607803751531966464,Tuesday December 27 18:21:00 2022,bensoleaux,"@CoDoc442 @Peter_Grinspoon The study included passengers and pedestrians. ""The study results should not be used to imply impairment, or increased risk associated with drug presence.""
https://t.co/RnHM2JlDbu"
1607803751519391744,Tuesday December 27 18:21:00 2022,RaviAwakening,being home for the holidays means being roped into designing business cards for your family
1607803751515000832,Tuesday December 27 18:21:00 2022,Wardom141,"The Secret War Series: Lite forceâ€™s Clear out Lake Geneva DUMBS..AI Kontrolled Dracos n Greys, Demon Hybridâ€™s.. and all sorts of EvALL.. https://t.co/2Nu8yaYU24"
1607803751502434305,Tuesday December 27 18:21:00 2022,RavensViews,"@Autosultan_team @SuperJeetpack Developing a new platform always requires a lot of research and effort. We see, most of the project just clone of an existing project. So, IS Your project clone of an existing project or is it built from scratch? If yes can you please introduce the team behind this Development?"
1607803751502417921,Tuesday December 27 18:21:00 2022,mviski,"2022 NFL Rookie of the Year odds: Jetsâ€™ Garrett Wilson, Sauce Gardner well ahead #BaltimoreRavens #Ravens #GoRavens #RavensFlock https://t.co/E1tspTbg4s"
1607803751498219521,Tuesday December 27 18:21:00 2022,MoonLemons9,@DailyJLee Itâ€™s from the mail and grocery delivery. Donâ€™t forget to wipe down your packages with Clorox! /s
1607803751494045696,Tuesday December 27 18:21:00 2022,helen_musick,"@Hassansa_wren Showrunners actively going out of their way at this point, they add a hero scene during bat but not here is criminal, worst of all he's actually concerned but never gets to do the action"
1607803751485837314,Tuesday December 27 18:21:00 2022,nillakatt,If facts the story. It's about consistency. Consistent hard work https://t.co/3lVp7rZ2BT
1607803751473057793,Tuesday December 27 18:21:00 2022,bearloveporn,"we all know mpa its a pretty good site
also sorry for the thread being so short its rly hard to find pro eedee communities on the internet now :(( 
if i find more i will be adding to the thread &lt;333"
1607803751468879875,Tuesday December 27 18:21:00 2022,CaudilTony,"RT @Kalethoficial: $3.30 only for 20 hot guys who want to play with meğŸ˜ˆ
Happy holidays!ğŸ„ ğŸ‘‡
https://t.co/xjM2wbfmFP https://t.co/bifpzI0Jgb"
1607803751452278786,Tuesday December 27 18:21:00 2022,bobby15998,Inside Club XYZ to enter the midnight in the metaverse Raffle https://t.co/nwsfCGu5D6
1607803751439699972,Tuesday December 27 18:21:00 2022,Unschuld_Faust,@Appalachian1010 @mitchtweet @MrPaulPashley @NoContextBrits By voting for the less shit party. Either vote for a party that you want in not a party that will get another out
1607803751435468801,Tuesday December 27 18:21:00 2022,"""Nice to meet you Mr.Cruz. I'm Hitomi.""

Said the girl, smiling.

""I'm doing fine, what about yourself?"" https://t.co/JfWaqCbTTc"
1607803753327128576,Tuesday December 27 18:21:00 2022,bcbiloxi,@BeyondtheMnstr The Red Sox have no clue what clubhouse presence is or how important it is. This guy and Eovaldi have it. X had it. Papi had it. You need that.
1607803753326907394,Tuesday December 27 18:21:00 2022,AnybodyCoinbase,@yugacohler @brian_armstrong @coinbase mainstream adoptions of crypto or of the company shares?
1607803753318731776,Tuesday December 27 18:21:00 2022,Sarfu_Official,"RT @KumariRukshmani: Happy birthday rockstar @BeingSalmanKhan May you keep shining always. 
#HappyBirthdaySalmanKhan https://t.co/wwL6JmM6ag"
1607803753301774336,Tuesday December 27 18:21:00 2022,soulive03,THE POLAR EXPRESS https://t.co/OiNf6assUt
1607803753276620806,Tuesday December 27 18:21:00 2022,pradeshonline,Learning to make Sure She is the only - https://t.co/Ry9g5yoYiN
1607803753276530690,Tuesday December 27 18:21:00 2022,PKhounvongsa,@JayBari_ Man I'm tired of these non gaming a$$ people that don't beat games derailing the whole conversation.
1607803753259995136,Tuesday December 27 18:21:00 2022,DCPOPers,RT @KUHoops: RT to wish @CoachBillSelf a very happy birthday ğŸ‰ https://t.co/v7dNEd7aAu
1607803753213661188,Tuesday December 27 18:21:00 2022,XplayPictures,"RT @siphillipssport: Chelsea are playing some of the best football I've seen us play in a while right now. Quick and progressive, it's almoâ€¦"
1607803753201307648,Tuesday December 27 18:21:00 2022,SongFinderBot,"@AnonVideoBot @aceCourtBot2 @pjnb_ @Mellon42356 @BotTheFlag @pikaso_me @DeformBot @MakeItACover @MakeItACover1 @colorize_bot @MakeAlbumCover @ddl_vid1 @ddl_vid2 @yuachan_43 @2p_qZ WOOOOOOOOOOO I FOUND THE SONG!

Tsuikyu - Oitsumerarete by æ‰æ£® é›…å’Œ

Listen to it on YouTube:
https://t.co/5nyA9aCn3I"
1607803753197080577,Tuesday December 27 18:21:00 2022,HereOnly4Salman,RT @Esha_Deol: Happy birthday @BeingSalmanKhan we love you â™¥ï¸ğŸ¤— stay blessed ğŸ§¿â™¥ï¸ https://t.co/QM6ENvxEve
1607803753192914945,Tuesday December 27 18:21:00 2022,naresh_zaveri5,"RT @marizulca: Happy Autumn
ğŸ‚ğŸğŸ‚ğŸğŸ‚ https://t.co/9ElulTTVPs"
1607803753184493568,Tuesday December 27 18:21:00 2022,johnwp_design,@norgan_ @jordanbpeterson The focus on the lack of father child bond makes people like Jordan Peterson rich because heâ€™s able to become the daddy of so many lost boys.
1607803753088036867,Tuesday December 27 18:21:00 2022,_tejranxrid_,"RT @stfu_cherry: Fluctuations in the trÂ£nd count again. 

I'll take a leave now. I'm having a really bad headache. Happy 5th 1M to everyoneâ€¦"
1607803753083834368,Tuesday December 27 18:21:00 2022,MetalSD_68,"@Biscuithammer0 @plz_cock @nino_your @10NewsAcevedo @10News Right, because the EDD and DMV function oh so well ğŸ¤¦â€â™‚ï¸"
1607803753079668736,Tuesday December 27 18:21:00 2022,Oregonsports21,"Elverado/Zeigler-Royalton vs Father McGivney Catholic ~ High School Girl's Basketball Live
Watch Live Game: https://t.co/xhUHKJiKtS
The Elverado/Zeigler-Royalton (Elkville, IL) vs. Father McGivney Catholic (Glen Carbon, IL) today @ 3:30p."
1607803753025146881,Tuesday December 27 18:21:00 2022,ShawnS101,"@kl_queenb ""Would love to go play with the kids! How about you take of the valentine's day heart on my neck?""
Sincerely, 
Midnight.ğŸ¤­ğŸ¤­ğŸ¤­"
1607803753008332801,Tuesday December 27 18:21:00 2022,tmj_sjc_finance,Check out our 25 latest #Finance openings in #SanJose by clicking the link in our bio.
1607803752987389952,Tuesday December 27 18:21:00 2022,DawnWhi70339582,"Adversity is the midwife of genius 
#ä¸Šæµ·çº¿ä¸‹ #ä¸Šæµ· https://t.co/HT9nuOiMEt"
1607803752970596352,Tuesday December 27 18:21:00 2022,Nofafifu_,RT @MarcoLai_23: Arsenal is one of the best teams around in creating numerical superiority on the last line. These frames are taken from thâ€¦
1607803752957845504,Tuesday December 27 18:21:00 2022,LifeNewsHQ,"Woman Abandoned Her Newborn Baby Outside in Freezing Cold, Lied to the Police About Babyâ€™s Location https://t.co/jYssZQVRKR"
1607803752945438720,Tuesday December 27 18:21:00 2022,CoisasDoidas3d,What if we drank coconut water on top of a chocolate and we turn into the backyardigans
1607803752928378881,Tuesday December 27 18:21:00 2022,glamourboymo,@einkxly @aidanthereup Now what in the hell is gender appropriations? https://t.co/BDhQqMD6VT
1607803752903479297,Tuesday December 27 18:21:00 2022,Siouxzh,"@marklevinshow Coming from the party of trump, take a seat. You have zero credibility when it comes to who is lying."
1607803752869920768,Tuesday December 27 18:21:00 2022,DConanersClub_,"""Zero is where everything start. You can't make something if you didn't pass the zero!"" - Shinichi Kudo #DCQuotes"
1607803752840417286,Tuesday December 27 18:21:00 2022,punishedmashi,*reddit voice* welcome to the inter- *gets raped*
1607803752836120578,Tuesday December 27 18:21:00 2022,Awerka,"I'm always amazed how early the Skypiea arc is in One Piece, when people always say it was pretty early for Luffy to face someone like Enel/Eneru I'm like ""nahhhh..."" but I always think it is AFTER the time skip for some reason ğŸ¤£"
1607803752815407112,Tuesday December 27 18:21:00 2022,stlnskissmartin,So-e leave the villa. Oh wait this isnâ€™t love island
1607803752798654464,Tuesday December 27 18:21:00 2022,MEHRSARO,"@AFP Islamic republic wants to get hostage the family of celebrities to silence them.
Today IR regime force lands a commercial airliner carrying #AliDaei (legendary soccer player)'s family en route to Dubai and took them out.
#MahsaAmini 
#IranRevolution"
1607803752785797120,Tuesday December 27 18:21:00 2022,JayneOsullivan6,@misskaren1981 Those were the days! ğŸ˜ğŸ‘Œ
1607803752769269760,Tuesday December 27 18:21:00 2022,bidenbigboi,"Starin out at the lake, when itâ€™s -11 out, grateful that my fiancÃ©eâ€™s dad is a good contractor; observing the splendor of working-class America that was actually able to move up, I do love this place that Iâ€™m from and the people that are in it, I have both family and community."
1607803752760721410,Tuesday December 27 18:21:00 2022,donkeystonka,@degenpoet Thank you fam. The colors are VIBRANT on this one.ğŸ«¶ğŸ¼ğŸ™ğŸ» https://t.co/NfmhyIIOBM
1607803752718925824,Tuesday December 27 18:21:00 2022,Patriot31,@ApeHangerz_HD @seanhannity Thnx for the reminder. I just unfollowed
1607803752710373376,Tuesday December 27 18:21:00 2022,JarrodThoughts,@Kmiracle23 That would be a Browns move. Bring in the guy who seems like a troublemaker and a big headache.
1607803752710291456,Tuesday December 27 18:21:00 2022,ML_9977,@momrryprotecter Iâ€™m only afraid that tammi will sign those divorce papers if louis was publicly single ğŸ’€ letâ€™s hope they get rid of the brett kid first thing
1607803752706355201,Tuesday December 27 18:21:00 2022,A_B_Allen,@fiendformojitos Are these pills from the disc??
1607803752693792768,Tuesday December 27 18:21:00 2022,Scythe_of_lyfe,@jack_turban @phoebeandheruni They forgot the mental illness cartoon panel.
1607803752664399872,Tuesday December 27 18:21:00 2022,rootofallsin,"steps up behind @themagiccrone as she's feeding michael, brushing her silver hair aside as he leans his chin on her shoulder. 

"" darling. "" 

a kiss on her neck. "" apologies for my absence. no rest for the wicked, "" he feels different. and that'll be the different vessel."
1607803752651661315,Tuesday December 27 18:21:00 2022,RecoverinOrphan,"Nobody gets to choose their family. If a person is fortunate enough to be born into a healthy family, life can be like floating down a smooth, gentle river in the summertime, But an unhealhy family is like a dangerous river, filled with rocks, debris, and fast-moving water.ğŸ§µ1 https://t.co/7L93J9P9g0"
1607803752605515776,Tuesday December 27 18:21:00 2022,baddnewsbrandon,Waffle House. By TKO 30 seconds into the first round https://t.co/UOViZ7dsHh
1607803752588931074,Tuesday December 27 18:21:00 2022,turk_kiz1,"RT @Torento_samurai: @cryptojack Gems One of the best crypto with pyro 
ğŸ’¥ğŸ’¥

@pyrotokenerc

#PYRO $PYRO #cryptobox #PyroNation #TrueBurn httâ€¦"
1607803752584720385,Tuesday December 27 18:21:00 2022,JorginhoS7,@francis_scarr The laughing stock of the world.
1607803752563740672,Tuesday December 27 18:21:00 2022,Ranak21,"@yukiiapr happy birthday my love my inspiration of my life @bbrightvc . god blessed u, succsess for your life, career and love, hope u always round in all good people, and i proud of u that naver stop to learn and learn. #25thBrightDay #bbrightvc ğŸ–¤ğŸ¤"
1607803752546971648,Tuesday December 27 18:21:00 2022,Jessica55751187,"#é•‡æ±Ÿå…¼èŒ #é•‡æ±Ÿ #é•‡æ±Ÿçº¿ä¸‹  https://t.co/pmvxcsalRK
Than since best word involve change contain care.
ğŸ˜€ğŸ˜ğŸ¤¨ğŸ˜‹ğŸ‘‹"
1607803752542797824,Tuesday December 27 18:21:00 2022,itsmemiracIe,the chokehold this song and he said she said had on me was crazyyyyy https://t.co/QYMKtXJYk5
1607803752529989632,Tuesday December 27 18:21:00 2022,stzworld,Thatâ€™s it! Boy cut the check https://t.co/p7RTGwuyCV
1607803752513249282,Tuesday December 27 18:21:00 2022,JeanneJ38854863,"Ask yourself whether you are happy and you ce
My mother always wanted to be an actress. She
//
 Ø§Ø°Ø§ Ù†Ù…Øª Ù†Ù… Ù„Ø§Ù…Ù† ÙÙˆÙ‚ Ø³Ø±ÙŠØ± ÙˆØ§Ù† Ù‚Ù…Øª Ù‚Ù… ÙÙŠ ØºØ¨Ø·Ø© 
 Ù„Ùˆ ÙƒÙ†Øª ØµØ§Ø¯Ù‚Ø© Ø¨Ù…Ø§ Ø§Ø®Ø¨Ø±ØªÙ†ÙŠ Ù„Ø±Ø§ÙŠØª Ù…Ù†Ùƒ Ø¹Ù„ÙŠ Ø§Ù„ØµÙØ§
##
#é˜¿å¯¦å…¶é»å…¶ç”¨
https://t.co/mRV2Vj9W44
33333
ØªÙˆÙŠÙˆ Ø§Ù„Ø³Ø¹ÙˆØ¯ÙŠØ© https://t.co/opfIJuorTv"
1607803752500842496,Tuesday December 27 18:21:00 2022,DexterDouglus77,"@RapSheet Javonte Williams was going to be the real game plan. When the Broncos lost him, everyone should have known broncos season was in shambles"
1607803752479686656,Tuesday December 27 18:21:00 2022,annie_1673,"@Sxnny_quinn iâ€™m literally going to cry thank you so much youâ€™re literally the sweetest and the best, you have no idea how happy that flower thing made me i was having such a rubbish day, thank you so much i love you so so muchğŸ«¶ğŸ«¶ğŸ«¶"
1607803752475676674,Tuesday December 27 18:21:00 2022,AshiaHodges,"I hate people who play all day, most time ion even be in the mood for all that like grow up."
1607803752471199751,Tuesday December 27 18:21:00 2022,JAPozueloM,"Hey @pixiebrix do you support accessing xhr requests instead of using jquery selectors? 

Usecase: Get data that is sent to the frontend but isn't displayed."
1607803752429256708,Tuesday December 27 18:21:00 2022,GenshinImpact,"@Hootie_the_hot 
Thank you for participating!
Your prize draw results are...

Oops, better luck next time!

Do check out our official YouTube channel too &gt;&gt;&gt; https://t.co/1rQ91qrnnq https://t.co/eysg5WXIo8"
1607803752349855751,Tuesday December 27 18:21:00 2022,CrawdadsBeat,"34 turnovers in the game, (SS 18). Hickory with a 32-18 advantage in the paint."
1607803752341438464,Tuesday December 27 18:21:00 2022,sportsl91472861,"Lumen Christi Catholic vs Gabriel Richard - HS Basketball Today's Live Game - Broadcast On Demand ğŸ‘‰ ğŸ”— https://t.co/zKxoHAPYw1 - The Gabriel Richard (Ann Arbor, MI) vs. Lumen Christi Catholic (Jackson, MI)"
1607803752337276931,Tuesday December 27 18:21:00 2022,AmitAmitj737,"@dumbletwit I benefited $5,000,000ğŸ’° from the little investment of $1,000 I investedğŸ’°from il Capo Of Crypto channel, click on this link to join his group program on trades trust me you will thank me later.   https://t.co/8wrBQ1zu7D"
1607803752253214720,Tuesday December 27 18:21:00 2022,SteelersNewsNow,Steelers OC Matt Canada Trusted A Rookie Who Never Had Jet Sweep In His Life With Game On The Line In Week 17 #SteelersFootball #HereWeGo #SteelersNation #SteelersFamily https://t.co/2Oq2rOWk98
1607803752248971264,Tuesday December 27 18:21:00 2022,TheFrenchMonk,"2022 was a wild year for the channel. Let's look back on some highlights of the past 12 months shall we?

Rewind 2022 - TheFrenchMonk
Video â†’ https://t.co/aSdku8PDVi https://t.co/ZPNQB0aNeh"
1607803752228192257,Tuesday December 27 18:21:00 2022,simpforbyul,"RT @1107byul1222: 221227 NAVER NOW í‡´ê·¼

ğŸ¹ ìƒˆë³µ ë§Œë‘! ğŸ¥Ÿ
ğŸ¹ happy new year! ğŸ¥Ÿ

- cutie byul ğŸ¥°

#MOONBYUL #ë¬¸ë³„ https://t.co/c4N6r6jDG2"
1607803752203051009,Tuesday December 27 18:21:00 2022,Ian_Martinez10,@CondorSZN We need the pats to win now? Lmaoo
1607803752177893376,Tuesday December 27 18:21:00 2022,recon2121,"@laurenboebert @RandPaul Because we have a bunch of snakes that continue to be supporters of it. I mean this list alone just shows you a small fraction of the POS on the Republican side.  These fucktards need to be removed from their positions as they are unfit to govern, lead, or help this country. https://t.co/1z0w1t9IJa"
1607803752152449025,Tuesday December 27 18:21:00 2022,thegunnarg,A Gallagher cameo is the only thing that could ruin this beautiful game
1607803752127533058,Tuesday December 27 18:21:00 2022,hogjug,@clowngene Project Tokyo Dolls actually did this and it was fucking awesome but everything else about the game is such a horrible cesspool disaster
1607803752085610497,Tuesday December 27 18:21:00 2022,Heather01666085,"I like you,like it all over the mountainsâ£ï¸ ğŸ’‹ ğŸ’‹â£ï¸ ğŸ’‹ ğŸ’‹â£ï¸ ğŸ’‹ 
#å—äº¬çº¿ä¸‹ #å—äº¬ https://t.co/RpdM7kinf5"
1607803752077197312,Tuesday December 27 18:21:00 2022,Kathryn80370448,"Adversity is the midwife of genius 
#ç æµ· #ç æµ·çº¿ä¸‹ https://t.co/uND2Rp7GYC"
1607803752039452672,Tuesday December 27 18:21:00 2022,silentlydeadIy,"+ family; theyâ€™re exhausting. 

 and so is Enid at the moment. who sheâ€™s been listening to ramble on and on about her break for the last hour. she let her mind wonder to a couple other people that sheâ€™s actually looking forward to reuniting withâ€”. more accurately, just one.

 +"
1607803751997349889,Tuesday December 27 18:21:00 2022,LulG25,"Thatâ€™s the game, eat or get ate"
1607803751993331718,Tuesday December 27 18:21:00 2022,Charles94570376,To deny sheep. The https://t.co/FoUwQsRwZn
1607803751993331712,Tuesday December 27 18:21:00 2022,AshleyF82524321,"Adversity is the midwife of genius 
#åˆè‚¥çº¿ä¸‹ #åˆè‚¥ https://t.co/kyaMZUTs2y"
1607803751980564481,Tuesday December 27 18:21:00 2022,PACJWH0,just posted again! my fav song from the smash your head against the wall album. &lt;3 (i NEED that album so much) https://t.co/yUMJahoidA
1607803751947198466,Tuesday December 27 18:21:00 2022,RachaelJeanVFG,"@xgivmgBUMgqtFA4 @RitaPanahi Yes, I am menopausal and take HRT, and when my hormone patch wears off, the cramping is unreal, especially in my guts and muscles."
1607803751905234944,Tuesday December 27 18:21:00 2022,mkane1616,"@scalzi This is a similar strategy to what I have followed with my cell phones. The difference being that I get the second latest option to save a little. For example, I upgraded from iPhone 4 to iPhone 8 about three weeks after iPhone X was released. Iâ€™m still currently using iPhone 8"
1607803751850549252,Tuesday December 27 18:21:00 2022,wtchippendales,"@linda_egg The cracks are starting to show. A new episode of #WelcometoChippendales is streaming now on @hulu.

Reply #stop to opt-out."
1607803751837966337,Tuesday December 27 18:21:00 2022,boopstawista,"Christmas lights the weekend before Christmas weekend, a thread:

DISCLAIMER: I don't own any background music being played here https://t.co/PfENFo4vZi"
1607803751817154560,Tuesday December 27 18:21:00 2022,JamiePr99996576,"I like you,like it all over the mountainsâ£ï¸ ğŸ’‹ ğŸ’‹â£ï¸ ğŸ’‹ ğŸ’‹â£ï¸ ğŸ’‹ ğŸ’‹â£ï¸ ğŸ’‹ ğŸ’‹ 
#ä¸Šæµ· #ä¸Šæµ·çº¿ä¸‹ https://t.co/X44MIDadNk"
1607803751775227911,Tuesday December 27 18:21:00 2022,NetfIixu,@DiscussingFilm â€œWhy are you cryingâ€ â€œim just happy to see youâ€ ğŸ’™
1607803751762362369,Tuesday December 27 18:21:00 2022,DamnSnyder,"@TheBurgundyZone Youâ€™re still too emotional. Nobody has belittled anyoneâ€¦if any of these feelings are true, all it shows is that players from the 70s, 80s, and 90s feel under-represented by Snyder during ceremonies. Not that they think Taylor sucks or isnâ€™t worthy of a wire statue or charity."
1607803751750053890,Tuesday December 27 18:21:00 2022,HepcatinExile,"@sunluvver @macron_robert Oh, the old ""we'd all be speaking German"" line. Reminds me of the old America First group in the 1930s, who either thought we shouldn't bother fighting against Nazis, or that we should actually be on their side."
1607803751737487360,Tuesday December 27 18:21:00 2022,Nerbitisafurry,"@ChicThomas2 You lost me at ""Biden sells children"" this is a little too close to the pizzagate frazzledrip bullshit from 2016."
1607803751712329729,Tuesday December 27 18:21:00 2022,rywilwrite,@amazinggamepro Itâ€™s all playacting for the refs. I canâ€™t take that sport seriously.
1607803751691333632,Tuesday December 27 18:21:00 2022,layne,@tyson204wpg Umbrella Tree is a popular show at bath time around here; the kid is quite jealous
1607803751678771200,Tuesday December 27 18:21:00 2022,XeroLvl,Excited to end the year on a high point and super stoked to share what I got planned next in the new year! https://t.co/7MWL42KAOP
1607803751653576709,Tuesday December 27 18:21:00 2022,Hunnyyounger,@UnitedStandMUFC One of the reasons for our downfall
1607803751640834056,Tuesday December 27 18:21:00 2022,FFCommunity_,"ğŸ’¥ Harry Kane v Aston Villa
ğŸ’¥ Phil Foden v Everton
ğŸ’¥ Wilfried Zaha v Bournemouth 

Gameweek 18 head-to-head records ğŸ‘¨â€ğŸ«ğŸ‘‡

https://t.co/Uhs73e6aXI"
1607803751636647936,Tuesday December 27 18:21:00 2022,WorkinehAbate,"@bryblank1 The cracks are starting to show. A new episode of #WelcometoChippendales is streaming now on @hulu.

Reply #stop to opt-out."
1607803751615848450,Tuesday December 27 18:21:00 2022,BurnMeBaby_420,"by them called Erlik, after the Prince of Darkness, ruled at the birth of   11 #ä¸Šæµ·                   https://t.co/YCJUtGEFjK"
1607803751586500609,Tuesday December 27 18:21:00 2022,OliviaR22168043,"@Vatekanore @arvalis How does it make artists jobs ""way harder""? If anything, a tool like this, should make their jobs ""way easier"" right? No longer having to spend all the time on rough drafts, they can simply ask for a rough draft and edit it to completion."
1607803751536164864,Tuesday December 27 18:21:00 2022,melrod42,The old man said lightlyâ˜… #æ·±åœ³spa #æ·±åœ³æŒ‰æ‘© #æ·±åœ³çº¿ä¸‹  â˜…therefore https://t.co/YF8VeVkfD1
1607803751531966464,Tuesday December 27 18:21:00 2022,bensoleaux,"@CoDoc442 @Peter_Grinspoon The study included passengers and pedestrians. ""The study results should not be used to imply impairment, or increased risk associated with drug presence.""
https://t.co/RnHM2JlDbu"
1607803751519391744,Tuesday December 27 18:21:00 2022,RaviAwakening,being home for the holidays means being roped into designing business cards for your family
1607803751515000832,Tuesday December 27 18:21:00 2022,Wardom141,"The Secret War Series: Lite forceâ€™s Clear out Lake Geneva DUMBS..AI Kontrolled Dracos n Greys, Demon Hybridâ€™s.. and all sorts of EvALL.. https://t.co/2Nu8yaYU24"
1607803751502434305,Tuesday December 27 18:21:00 2022,RavensViews,"@Autosultan_team @SuperJeetpack Developing a new platform always requires a lot of research and effort. We see, most of the project just clone of an existing project. So, IS Your project clone of an existing project or is it built from scratch? If yes can you please introduce the team behind this Development?"
1607803751502417921,Tuesday December 27 18:21:00 2022,mviski,"2022 NFL Rookie of the Year odds: Jetsâ€™ Garrett Wilson, Sauce Gardner well ahead #BaltimoreRavens #Ravens #GoRavens #RavensFlock https://t.co/E1tspTbg4s"
1607803751498219521,Tuesday December 27 18:21:00 2022,MoonLemons9,@DailyJLee Itâ€™s from the mail and grocery delivery. Donâ€™t forget to wipe down your packages with Clorox! /s
1607803751494045696,Tuesday December 27 18:21:00 2022,helen_musick,"@Hassansa_wren Showrunners actively going out of their way at this point, they add a hero scene during bat but not here is criminal, worst of all he's actually concerned but never gets to do the action"
1607803751485837314,Tuesday December 27 18:21:00 2022,nillakatt,If facts the story. It's about consistency. Consistent hard work https://t.co/3lVp7rZ2BT
1607803751473057793,Tuesday December 27 18:21:00 2022,bearloveporn,"we all know mpa its a pretty good site
also sorry for the thread being so short its rly hard to find pro eedee communities on the internet now :(( 
if i find more i will be adding to the thread &lt;333"
1607803751468879875,Tuesday December 27 18:21:00 2022,CaudilTony,"RT @Kalethoficial: $3.30 only for 20 hot guys who want to play with meğŸ˜ˆ
Happy holidays!ğŸ„ ğŸ‘‡
https://t.co/xjM2wbfmFP https://t.co/bifpzI0Jgb"
1607803751452278786,Tuesday December 27 18:21:00 2022,bobby15998,Inside Club XYZ to enter the midnight in the metaverse Raffle https://t.co/nwsfCGu5D6
1607803751439699972,Tuesday December 27 18:21:00 2022,Unschuld_Faust,@Appalachian1010 @mitchtweet @MrPaulPashley @NoContextBrits By voting for the less shit party. Either vote for a party that you want in not a party that will get another out
1607803751435468801,Tuesday December 27 18:21:00 2022,Terrance567891,"""Nice to meet you Mr.Cruz. I'm Hitomi.""

Said the girl, smiling.

""I'm doing fine, what about yourself?"" https://t.co/JfWaqCbTTc"
1607803751427080193,Tuesday December 27 18:21:00 2022,"@SRampora @Rebaone59275709 @MYANC Love Yourself as a Black Person ????
Who the hell Teaches Kids this Black Racist Garbage
Can only be EFF Parents 
Love Yourself as a Black Person ?
What is wrong with being BlackğŸ–¤
Did you find out only now ?
Your Attitude is what Defines You and Who you are and Not Skin Colour"
1607803757513027585,Tuesday December 27 18:21:01 2022,JohnsThompson7,"Lowndes ğŸ†š The Villages Charter
ğŸ“† December 27
â° 7:00 PM 
ğŸ“º https://t.co/3n0BRusyyS
Game Details: Battle at The Villages

@VHS_Hoops @LowndesVikings
@VikingsMBB @ShoptawSamuel
@lance7711 https://t.co/bXxYFWlXxX"
1607803757508567041,Tuesday December 27 18:21:01 2022,Nancykatheu,Found myself in a happy healthy relationship that's ending in marriage. https://t.co/xfGDgTXd1s
1607803757487861765,Tuesday December 27 18:21:01 2022,voidxfull,RT @hummusandpitaa: mcdonalds has stopped adding tomato slices to burgers and im really happy about it
1607803757483495424,Tuesday December 27 18:21:01 2022,TheresaDabney1,what did you get?  @TonyPeroniXRP @TUKANG_IND @MrFynch @TheWSPepe @Wes8Wes @FaroukSalmat @SchmuFoo @dhanaakanksha @The_Dinhus @rehanuta @Diegolemaxixou @JTitaniumhands @craxowns @Cryptodeville @megawise1 @srecahaya @pushkarrvohra https://t.co/e86K0iyOip
1607803757471105031,Tuesday December 27 18:21:01 2022,TuffTiffResists,RT @Esqueer_: It's going to be fun when Chaya Raichik reveals her face and OSINT researchers can use it to find her in January 6th insurrecâ€¦
1607803757471092740,Tuesday December 27 18:21:01 2022,mikeonacoa5ter,"@FrankieBorrelli I try to use ""our ass is in the jackpot"" as often as seems deserved."
1607803757458518016,Tuesday December 27 18:21:01 2022,missdnicole27,@CrumblCookies Itâ€™s my 32nd birthday today &amp; my favorite comfort movie is the best of me â¤ï¸â¤ï¸ @CrumblCookies
1607803757454327809,Tuesday December 27 18:21:01 2022,mesa_wind,@drgazzini @hugh_mankind You are probably used to the King James version of the Bible. But the Greek word for sorcery is Pharmakeia. Iâ€™d be happy to have a face-to-face . Iâ€™m in Florida https://t.co/h13vKzh7NC
1607803757420576771,Tuesday December 27 18:21:01 2022,Karolin92563748,The captain fleeted aft the crew https://t.co/z5vuMMPSuz
1607803757416574977,Tuesday December 27 18:21:01 2022,Mephone3gs_,Also the sketch https://t.co/PHCZrfMZnF
1607803757412204546,Tuesday December 27 18:21:01 2022,Randa96748734,#å¼€äº‘ #äºšåšä½“è‚²  He made a small hole in the belt with a leather punch https://t.co/B4t9bbtGuN
1607803757412098048,Tuesday December 27 18:21:01 2022,respondrecover,@kksheld How do we get the data?
1607803757357862944,Tuesday December 27 18:21:01 2022,JamesWhiteley6,My favorite Christmas present this year â€¦â€¦ PS5 the speed and the graphics fir Fortnite r incredible
1607803757353635840,Tuesday December 27 18:21:01 2022,LadyBockBock,@ConsumerSOS @CailinasEirinn @TorontoPearson The answer ...er luggage... is out there.
1607803757345087488,Tuesday December 27 18:21:01 2022,ZettoKuzuuya,"@GuyFromPoland_ yeah athena is bad too, and get this, they LISTENED to the sweats, and reduced the rep you get after 100 about 30%,  so the stranger stuff? that is 110+ yeah, never gonna happen anymore."
1607803757307506688,Tuesday December 27 18:21:01 2022,niyaryn,"To tell you the truth, Iâ€™m not here to criticize you two at all; Iâ€™m here to help you. Iâ€™m a supporting character, after all."
1607803757294755842,Tuesday December 27 18:21:01 2022,VantaBlackLurid,Not the same demographic of white ğŸ˜­ğŸ˜­ğŸ˜­ those ones love niggas https://t.co/eZJiMzUIxE
1607803757278134272,Tuesday December 27 18:21:01 2022,BTSmylifeSeven,"RT @FahadAlkubaisi: The Best Moments From #Dreamers
ìµœê³ ì˜ ìˆœê°„
#JungKook #FahadAlKubaisi 
#WorldCup2022 https://t.co/WoWFJL4txH"
1607803757252722690,Tuesday December 27 18:21:01 2022,hendrixart,"@eliopictures @o_fishel and I have discovered that no one makes their best work, let along actual learning, in a context of constant anxiety. Unlocking the best version of your work has to start with enjoyment, even in a critique."
1607803757206585349,Tuesday December 27 18:21:01 2022,crackinggems,"@freddiesen @adamgordon1978 @MPMaddula @sean9n I suppose there is a bit of â€˜self protectionâ€™ Rightly so. My Mum (94) decided to climb over her bed bars whilst in hospital, fell and broke her leg (again!). She didnâ€™t recover from the 2nd fall. When she died I had a call from the police to make sure I had no concerns, I hadnâ€™t."
1607803757202481153,Tuesday December 27 18:21:01 2022,MLive,"The largest piece of that $35.3 million in local money â€” $4.3 million â€” will fund purchases for upgrades to equipment for several mid-Michigan law enforcement agencies, Kildee said. https://t.co/kTEVDMPe9r"
1607803757185622016,Tuesday December 27 18:21:01 2022,MustBeCharm,see even the best of them can lose https://t.co/D45nZggDmm
1607803757156339712,Tuesday December 27 18:21:01 2022,ChimpSquared,"@andytouch @AlanZucconi but not like this. and i can see why they want it stopped.  we need to stop the companies that leech off of them, and then flood the market with dirty assets. should be buying their training data."
1607803757148139521,Tuesday December 27 18:21:01 2022,MaggieIvan7,"the world#å°é»„ä¹¦ #å¿«æ‰‹æˆäººç‰ˆ #æ¼«æ¼«æ’¸ #æ±¤ä¸çƒ­ #91è§†é¢‘ #éº»è±†ä¼ åª’ qwet22l life, I can satisfy you with my heart https://t.co/vJCrwAUwHo"
1607803757147856898,Tuesday December 27 18:21:01 2022,RealLife_J_LO,@WHSLadyPirates You all could have met in Middlesboro and played and it would have been a 45 min drive for both.  You didnâ€™t have to drive all the way to Florida to play. Haha Good luck in the Sunshine state!!
1607803757147848704,Tuesday December 27 18:21:01 2022,GirlsOfAqua,From an Aquarius to other Aquarians - do NOT give away your time or energy for free going into 2023. That shits over and done with. Too many people using us for our good nature and weâ€™re being drained at the end of the day. Set those boundaries and focus on YOURSELF.
1607803757143920641,Tuesday December 27 18:21:01 2022,DuskTheFuss,"@GaryTheCreator @FortniteGame Fr people acting like they've never had to deal with the dragon ball mythic, like it was gonna kill them to have an OP weapon in the game for likd 2 weeks, get over it ğŸ’€"
1607803757131333632,Tuesday December 27 18:21:01 2022,TinaBergstrom2,President Trump Joins Wayne Allyn Root to Discuss the Most Important Stories This Week for Conservatives (VIDEO) https://t.co/ubicnA0nkB via @gatewaypundit
1607803757131190272,Tuesday December 27 18:21:01 2022,ItinTina,"It! Know significance. Your leadership influence must translate into a word, the
ØŸ?
Ù†Ù…Ø´Û’

ğŸ”¹H20ğŸ”¹
ğŸ”¹H20ğŸ”¹
ğŸ”¹H20ğŸ”¹"
1607803757110390785,Tuesday December 27 18:21:01 2022,rehan_nkhan,@TMobileHelp @MikeSievert Can I please get the assistance for my ongoing issue ?
1607803757097533441,Tuesday December 27 18:21:01 2022,hana_internet,"RT @thalles_cabral: Yonlu venceu o prÃªmio de Melhor Filme Independente da AmÃ©rica do Sul em Londres, no Best Film Awards. ğŸ¤ que orgulho desâ€¦"
1607803757093425155,Tuesday December 27 18:21:01 2022,thegoldflinch,@M1CHAELRIKA right and tbhâ€¦ laurie wanted a woman who wasnâ€™t independent like jo in the end. he wouldâ€™ve wanted her to conform to what he wanted her to be i think and it just wouldnâ€™t have made either of them happy
1607803757072465923,Tuesday December 27 18:21:01 2022,marulg27,@Europarl_EN War is Europe's way of living. Who has treasures from Africa Asia America Oceania? Europe will never stop thier most lucrative business: war+slavery in many ways. Using the rest of the world as cheap labour force. Read history folks. Don't be obtuse.
1607803757068431361,Tuesday December 27 18:21:01 2022,Prasad83373911,"RT @NtvTeluguLive: à°ˆ à°à°¡à°¾à°¦à°¿ à°¬à±†à°¸à±à°Ÿà± à°à°²à°¿à°µà±‡à°·à°¨à± à°¸à±€à°¨à± à°…à°‚à°Ÿà±‡ à°‡à°¦à±‡..

#BestElevation #JrNTR #Tollywood #RRR #SSRajamouli #NTVENT #NTVTelugu 

https:/â€¦"
1607803757060055040,Tuesday December 27 18:21:01 2022,uixhamid,@AhtishamDogar Ethics and Rules and Regulations of the country.
1607803757055676417,Tuesday December 27 18:21:01 2022,taramaclachlan,"@RShrubb Know what you mean. As a Veteran, as Trans Woman and as biker. 

The good people who share your interests as the best ğŸ‘"
1607803757030674432,Tuesday December 27 18:21:01 2022,kath143047,RT @49ers: Happy birthday @brockpurdy13! ğŸ‰ https://t.co/fMxzIxll55
1607803757022281728,Tuesday December 27 18:21:01 2022,BeingSalman155,RT @rahulvaidya23: Happy Birthday @BeingSalmanKhan bhai .. May you have the best of health and luck in the years to come. Baaki sab kuch toâ€¦
1607803756996956161,Tuesday December 27 18:21:01 2022,ScarlettNovella,"spoilers for thsi week's destiny's story

The fact rasputin doesn't start talking in russian to you is a missed opportunity"
1607803756988563460,Tuesday December 27 18:21:01 2022,Ptr1874Avfc,@AVFCFaithful_ Heâ€™s doing a fantastic job; already has his tactics in place - just needs to harness the personnel; exciting to watch (transformation from SG); adds his own driving enthusiasm and knowledge of the game - love the man.
1607803756976168960,Tuesday December 27 18:21:01 2022,_berrychoco9597,"I love you more than I can say
you're the besttttã… ã… ã… ã… ã… ã… 
#íƒœìš©ë²„ë¸” #íˆ¥ë¸”ë‹µì¥ https://t.co/jSApyAPccH"
1607803756955201536,Tuesday December 27 18:21:01 2022,Vecktooor,Hanging with the Frogs. I appreciate the clear message @Pons_ETH delivers. A great space to learn about building a Web3 business ğŸ¸ Worth a listen!! @OfficialTravlad @ThePlagueNFT @GenuineUndead @ApeGangNFT #Web3 #nftart https://t.co/mlp0HAfsen
1607803756946784256,Tuesday December 27 18:21:01 2022,Lynard77630882,RT @cd_kelli: Think of the excitement of unwrapping the best Christmas present you ever received. How you held that box close to you. Admirâ€¦
1607803756946628612,Tuesday December 27 18:21:01 2022,tyjaeminter,RT @Coach_WJackson: Life is to short to not go be your best. There is no task to small or to insignificant that it doesnâ€™t deserve your besâ€¦
1607803756938203137,Tuesday December 27 18:21:01 2022,Justbogging,"@RussInCheshire I see all this slagging off of Amazon - I publish through Amazon and cut out the middle-people i.e. agent and publisher, becoming the publisher myself and get 70%. It's the other people making off authors who have signed away their books for ... nothing no advance nowt..."
1607803756909035520,Tuesday December 27 18:21:01 2022,Crypto1Lucas,"Market Update for $BTC &amp; $ETH: 1week sideways market but still patiently waiting for the confirmation I need in order to take trades. And now, we got it! https://t.co/SXPfCEuf3m https://t.co/2p1keE50bh"
1607803756879482881,Tuesday December 27 18:21:01 2022,BeysKid,@BadBitchCarta Not the TUN TUN TUNğŸ˜­ğŸ¤£
1607803756871139333,Tuesday December 27 18:21:01 2022,MrsMmmmm23,@bwc86 I hope the rest of the diners appreciate ğŸ˜‰
1607803756774846464,Tuesday December 27 18:21:01 2022,Therrport,"@fullback03 Youâ€™re right but you are also wrong, Newcastle has a better back line than we do. Itâ€™s impossible to play on the front foot when you canâ€™t trust your defenders to get a stop or make the smart pass"
1607803756745469953,Tuesday December 27 18:21:01 2022,Yolanda68149961,"I like you,like it all over the mountainsâ£ï¸ ğŸ’‹ ğŸ’‹â£ï¸ ğŸ’‹ ğŸ’‹â£ï¸ ğŸ’‹ ğŸ’‹â£ï¸ ğŸ’‹ ğŸ’‹ 
#ä¸Šæµ·çº¿ä¸‹ #ä¸Šæµ· https://t.co/6mZBr2NGVD"
1607803756720316416,Tuesday December 27 18:21:01 2022,el_b_yng,"@queerti404 ahaha yes this feeling doesn't leave me from the first glance at this photo ğŸ˜… 
#SaveWarriorNun"
1607803756711931905,Tuesday December 27 18:21:01 2022,mikehunt1974,"@gtconway3d Its the trump school of politics, ""so what if i lied, i was elected and you weren't"""
1607803756711657472,Tuesday December 27 18:21:01 2022,princessxemnas,i donâ€™t care how overplayed it is still one of the best voca songs of all time https://t.co/sPLI3CSjOc
1607803756695162880,Tuesday December 27 18:21:01 2022,kroltanzz,"This is sad and plays right into the Republicanâ€™s false narrative. In reality, George W Bush was and is a pathetic idiot. His admin. committed war crimes and was responsible for the destruction of Iraq and the death of thousands of innocent citizens. But heâ€™s OK now because Trump https://t.co/ytEv528OiY"
1607803756695130112,Tuesday December 27 18:21:01 2022,masterSIGIL,@PlsWatchGundam Exactly. But realistically speaking any system no matter how good on paper inevitably will end corrupt and bloated because humans are running it. So it doesnt really matter whether its capitalism socialism or communism the end result is the same.
1607803756686573573,Tuesday December 27 18:21:01 2022,AnthonySpina94,"@elonmusk @ggreenwald @mtaibbi Please tell us more...

""Bill Gates questioned Elon Muskâ€™s management style calling it a â€œseat-of-the-pantsâ€ approach""

https://t.co/hf0yAo0ZAZ https://t.co/RwFVi6KnWn"
1607803756665790464,Tuesday December 27 18:21:01 2022,jeromestixxx,@_JayPeg Same &amp; Imma b pissed if the smell isnâ€™t hitting.
1607803756665786368,Tuesday December 27 18:21:01 2022,lvwayter,"@zerena_hoofs Japanese visitors traveling under the signing of the Sister State Agreement
By Dennis Fujimoto The Garden Island | Tuesday, December 27, 2022, 12:05 a.m.
 LIHUâ€˜E â€” Preparations to greet the first group of Japanese traveling under the signing of the Sister State Agreement between"
1607803756653203457,Tuesday December 27 18:21:01 2022,terminalgravity,"@CalebHeimlich Washington state residents also have a new cap-&amp;-trade tax that startsÂ  Jan. 1 which, asÂ previously reportedÂ by The Center Square, would drive fuel costs up an estimated 46 cents per gallon. This will come on top of Washington's current rate of 49.4 cents per gallon of state tax."
1607803756640624640,Tuesday December 27 18:21:01 2022,osazenoo,@OLAgoodchild @AnambraNEWS Then Peter Obi is the head IPOB terrorist killing people in the south east. That's our fear too
1607803756619661314,Tuesday December 27 18:21:01 2022,Newnotes_,My Twitter algorithm has been got progressively worse since Elon bought Twitter. I hate the idea that I have to pay him for how bad of a job he is doing to get an inch of exposure as an artist. Horrible dilemma.
1607803756610994176,Tuesday December 27 18:21:01 2022,mphopostergift,"RT @iDiskiTimes: ğ—šğ—¢ğ— ğ—˜ğ—¦ ğ—¡ğ—¢ğ— ğ—œğ—¡ğ—”ğ—§ğ—˜ğ—— ğ—”ğ—¦ 'ğ—ªğ—¢ğ—¥ğ—Ÿğ——'ğ—¦ ğ—•ğ—˜ğ—¦ğ—§ ğ—¥ğ—˜ğ—™'

South African referee Victor Gomes is among 25 referees who are nominated for the â€˜â€¦"
1607803756577697793,Tuesday December 27 18:21:01 2022,Bobcam14,"@Yerfej10 @ellymelly Not fooled, not angry, a bit sad that their are so many people who don't understand risk &amp; have such poor scientific comprehension.
It would be funny if it wasn't for the fact that the BS is actually costing people their lives."
1607803756523171841,Tuesday December 27 18:21:01 2022,phennec02,"@its_LilClo So, not fully how sure twitter would feel about this one, but Iâ€™ll just say that I was really feeling myself with this photo and the tiktok AI filterâ€¦ https://t.co/DiFtfwFgnj"
1607803756506419201,Tuesday December 27 18:21:01 2022,GaryL_,Isn't it the Bar Association that's the common denominator? https://t.co/oZwmhWb2Fl
1607803756506411009,Tuesday December 27 18:21:01 2022,Maj69043552,"When the power of love overcomes the lov

 https://t.co/tNpmvBVLQb"
1607803756506382336,Tuesday December 27 18:21:01 2022,NathanRayClark,Yep. That's been my experience in the last 24-48 hours. https://t.co/F7utWmuIUM
1607803756468666369,Tuesday December 27 18:21:01 2022,ZnippZnipp1,"RT @GoldenAzuma: For his shorter height, W00zi was much sought after by men who liked more.. aggressive fun. For the right amount of cash,â€¦"
1607803756460101635,Tuesday December 27 18:21:01 2022,TyburnMartyrs,"St. Michael the Archangel, defend us in battle. Be our safeguard against the wickedness and snares of the Devil. May God rebuke him we humbly pray. And do thou, O Prince of the heavenly hosts, by the power of God, thrust into hell Satan &amp; all the evil spirits who prowl the earth."
1607803756451885057,Tuesday December 27 18:21:01 2022,cahkimlinkbudi,All are not saIf I should meet thee #å°é»„ä¹¦ #å¿«æ‰‹æˆäººç‰ˆ #æ¼«æ¼«æ’¸ #æ±¤ä¸çƒ­ #91è§†é¢‘ #éº»è±†ä¼ åª’  B ?? The furthest distance in  https://t.co/SbrroZmJGt
1607803756426530816,Tuesday December 27 18:21:01 2022,reotuheadequith,i liked the replay @0xAvacava @Vip_Kon_33 @mangang13571841 @KitungaMbeni @0xCrpTFamZ @ImMax_Maxim @IreneOkonye @ZombiiPepe @edna_kaguri @DamineCo @lolgeted https://t.co/s2yIYzNOl9
1607803756418334721,Tuesday December 27 18:21:01 2022,cryptocyphereth,@DeFiKingdoms love the jade!
1607803756405755905,Tuesday December 27 18:21:01 2022,savinhobaba1,"@Kelv_kline @Makavelli275 The mumu no know the meaning, if not na cry him for dey cry not to sitdown there dey carry shoulder ğŸ˜€ğŸ˜€ğŸ˜€ğŸ˜€ğŸ˜€"
1607803756392992769,Tuesday December 27 18:21:01 2022,MuldoonTooty,@kylegriffin1 @MSNBC The names of the legislation is a complete 180 degree of what the bill provides. That equals LIES... All propaganda... Can you say SHEEP?
1607803756376379392,Tuesday December 27 18:21:01 2022,gremgoyles,"ğŸš¨ Want to win a (Castle 1 GremGoyle NFT) ğŸš¨
â­ï¸ Like, Retweet, Tag 5 friends 
â­ï¸ Join the @ApolloNFU &amp; @gremgoyles Discord
â­ï¸ SET YOUR REMINDER 

ğŸ¥https://t.co/2pt1oqytW2 â° https://t.co/m5VtCju3mu"
1607803756372008961,Tuesday December 27 18:21:01 2022,AsiimweDicta,Hi @UCC_Official what percentage of Uganda is covered with telecoms network? I ask because there is barely network where I am and this is a problem I have experienced in many other parts of the country
1607803756317478922,Tuesday December 27 18:21:01 2022,priv_naty_7,"ğŸ‘ Quem visita seu perfil? ğŸ‘
@ --&gt; ğŸ•› 6 min
@ --&gt; ğŸ• 17 min
@ --&gt; ğŸ•¥ 35 min
@ --&gt; ğŸ•› 3h
@ --&gt; ğŸ• 9h
@ --&gt; ğŸ•¥ 18h
ğŸ—¨ Clique aqui ğŸ‘‡
https://t.co/cK3sE9beIt"
1607803756313251845,Tuesday December 27 18:21:01 2022,dokeiki1983,"Do you looking for FREE V-bucks for Fortnite
Here you can get the Vbucks quickly
Visit:ğŸ‘‰ğŸ»ğŸ‘‰ğŸ» https://t.co/yeGDJ0qcoP
ğŸ‘‘ https://t.co/KmunrVTDUi"
1607803756305092608,Tuesday December 27 18:21:01 2022,devinfd,"@Jess_inthewild #1 ick: ""rehabing"" an animal for selfish reasons. ie, not putting the animals welfare first. Even worse is intentionally habituating an animal to have it as an ""ambassador"" in a collection."
1607803756275707904,Tuesday December 27 18:21:01 2022,Cumberlandcrack,@OCAM_06 As much as the filter lad! You're hot ğŸ¥µ but let's be authentic.
1607803756258951169,Tuesday December 27 18:21:01 2022,AureL3e,"This question is for the people who doesnâ€™t like brushing their teethâ€¦.why donâ€™t you brush, do you like the smell of not brushing your teeth, the plaque on your teeth, or the taste of the bacteria?"
1607803756258930688,Tuesday December 27 18:21:01 2022,Erica_Etelson,@VPrasadMDMPH An even more amazing article that I hope you can help unpack b/c it's scary as hell: https://t.co/a58eFLOnDc
1607803756250292225,Tuesday December 27 18:21:01 2022,HungarianFalcon,"@PFF_Brad In my lifetime, the local team (Bears 75-88; colts 89-2000; KC 01-05; Houston 06-14; Cleveland 15-present), has been sustainably good for only 2 stints (mid 80s Bears;Watt/Kubiak teams). Refreshing to get good play out of the home team since theyâ€™re always on."
1607803756246339589,Tuesday December 27 18:21:01 2022,homevideonasty,But sometimes I'd feel more fulfilled / Making Christmas cards with the mentally ill / I want to live and I want to love / I want to catch something that I might be ashamed of.
1607803756237799425,Tuesday December 27 18:21:01 2022,Bimbo_Otun,"That first half by the front 4
Chef kiss"
1607803756221198336,Tuesday December 27 18:21:01 2022,Nut20708610,"RT @jeen74194025: Good Night BamBamğŸ˜´ğŸ’¤
My favourite songs  are  #SlowMo, #WhoAreYou and #WheelsUp by #BamBam  
@BamBam1A so happy to listenâ€¦"
1607803756200226817,Tuesday December 27 18:21:01 2022,edarealm,"Luz! I should now teach you how to identify different types of snow- by taste! Go on, eat the snow."
1607803756200198144,Tuesday December 27 18:21:01 2022,AshleyBrakoni10,"I like you,like it all over the mountainsâ£ï¸ ğŸ’‹ ğŸ’‹â£ï¸ ğŸ’‹ ğŸ’‹â£ï¸ ğŸ’‹ ğŸ’‹â£ï¸ ğŸ’‹ ğŸ’‹ 
#éƒ‘å·çº¿ä¸‹ #éƒ‘å· https://t.co/r848Oa1jYh"
1607803756195758081,Tuesday December 27 18:21:01 2022,ShorelineCusto1,"I'm in the running to win ""700 tiny mattresses in One""! @SleepOvation #700inOne #77inOne #SweetAirChannels @PtFamous https://t.co/SWVLySwyUX"
1607803756195749889,Tuesday December 27 18:21:01 2022,Dilkaagzi,"RT @AHA17bd: I miss my happy SuMaanğŸ’«
I miss RWSP days badly.....
Wo bhi kya din thiğŸ¥ºğŸ¥ºğŸ’”ğŸ’”
DDP is permanent ğŸ˜­
#SuMaan
#SumbulTouqeerKhan 
#Fahâ€¦"
1607803756154073088,Tuesday December 27 18:21:01 2022,PriyankaaaFan,"RT @ImGoriNagori: Janta entered in the house and made #ShivThakare as new captain of house.

Are u happy with this decision??

Yes - Like.â€¦"
1607803756091146240,Tuesday December 27 18:21:01 2022,Kristin09922010,"A mans best friends are his ten fingers. 
#æ²ˆé˜³ #æ²ˆé˜³çº¿ä¸‹ https://t.co/RQhKDT7LGz"
1607803756086980609,Tuesday December 27 18:21:01 2022,MiyaMonroe,"Im speaking nothing but greatness into next year,I will have the best year of my life I will become financially responsible, I will take fabulous trips, I will become a MUA, Iâ€™m speaking nothing but greatness into next year ğŸ¤"
1607803756078415872,Tuesday December 27 18:21:01 2022,AdegokePraise,Up the ChelsğŸ’™
1607803756074123270,Tuesday December 27 18:21:01 2022,wtchippendales,"@Sarah_E_Allen95 The cracks are starting to show. A new episode of #WelcometoChippendales is streaming now on @hulu.

Reply #stop to opt-out."
1607803756057432066,Tuesday December 27 18:21:01 2022,spoiIedream,"@ilovdlisa FRRRR half the reason i wanted to recover was too go back to my honeymoon phase when i relapsed ğŸ˜­ğŸ˜­ 
didnâ€™t work"
1607803756053426176,Tuesday December 27 18:21:01 2022,nallarasu,"It is the direct threat to India's secularism and constitution. What are the constitutional bodies doing? Are they afraid of such weapons, bulldozers, or got stamped as anti-Indian?!
#PragyaThakur https://t.co/2FfrcCYZlh"
1607803756045041664,Tuesday December 27 18:21:01 2022,"RT @WinmetawinO: ig winmetawin update

May you get all that you have ever desired for in your life. Happy birthday best bro ğŸ¤ğŸ‚

ğŸ”— https://tâ€¦"
1607803761715453953,Tuesday December 27 18:21:02 2022,fitriaimansari,"Learn, an often than not anonymously, handed on the horizon.
ØŸ?
â¦Ø³Û’ÙÛ’â¦

ğŸ”¹FN4ğŸ”¹
ğŸ”¹FN4ğŸ”¹
ğŸ”¹FN4ğŸ”¹"
1607803761707323394,Tuesday December 27 18:21:02 2022,bottomforyou243,@callmebaby1985 Just did mine might do the longer one to see if anything changes https://t.co/0G6eUJkQEJ
1607803761703145472,Tuesday December 27 18:21:02 2022,NomnivoreGames,@dethbox @RudolfWolph @SeiRruf Thanks for the recommend!
1607803761669607425,Tuesday December 27 18:21:02 2022,ravanang_vivek,"RT @NatuNiji2: @ShivThakareFC @ShivThakare9 SHIV THAKARE THE CAPTAIN

#ShivThakare #ShivSquad #ShivKiSena.   Very very happy"
1607803761635856388,Tuesday December 27 18:21:02 2022,princessxemnas,(rip to the original rin version this just hits different ğŸ˜­)
1607803761598111747,Tuesday December 27 18:21:02 2022,day_architect,"@FalSkyWolf This is a great example of upcycling, love the idea!:) â™¥ï¸"
1607803761589891073,Tuesday December 27 18:21:02 2022,ThatBoyJSTAR,@damnitjanett ğŸ˜­ğŸ˜­ğŸ˜­ğŸ˜­ dumbasses. They deserve the wrath ğŸ˜‚
1607803761581527040,Tuesday December 27 18:21:02 2022,AnandKorde3,"RT @realpreityzinta: Happy Birthday Salman â¤ï¸It was so nice to see you on my short n sweet trip. May you always keep smiling, shining and lâ€¦"
1607803761560551426,Tuesday December 27 18:21:02 2022,kittywithfleas,@progressivepush Poster boy for the ultra right white nationalist uberdude. ğŸ˜
1607803761556328449,Tuesday December 27 18:21:02 2022,CatChucks,"@tendertorg21 In 1571, on 27th December, the father of astronomy,  Johannes Kepler, was born."
1607803761535356929,Tuesday December 27 18:21:02 2022,ToluEkisola,"This really came back to punch me in the face! ğŸ˜‚ğŸ˜‚ğŸ˜‚ 

Iâ€™ve had so many last minute changes recently. It forced me to sit my a** down and realize that I AM NOT IN CONTROL, GOD IS!!!! I canâ€™t speak enough. He is TOO mighty to understand. A true trust exercise. https://t.co/uD6vZ8aaL3"
1607803761535193088,Tuesday December 27 18:21:02 2022,MicahlovesHeda,RT @JoshuaPHilll: The fact that Chaya Raichik (LibsofTikTok) is Jewish makes me so sad and angry. To spew the same rhetoric thatâ€™s been useâ€¦
1607803761535098882,Tuesday December 27 18:21:02 2022,PLAYER_BOII_,"@Maibitil_ 25 February isn't far Sisi,  Relex your Energy &amp; Energetic voice, they're seeing the reality from far places that'll why they've disturbing us, but Soon lesson will be learn"
1607803761510223873,Tuesday December 27 18:21:02 2022,MariaBo68735359,"Adversity is the midwife of genius 
#ç æµ·çº¿ä¸‹ #ç æµ· https://t.co/YKvX4MxoYP"
1607803761501818880,Tuesday December 27 18:21:02 2022,Elena87438666,The things that will destroy A. https://t.co/WAcIjy7plE
1607803761488969729,Tuesday December 27 18:21:02 2022,glen_stanbridge,"@LBC @_PeterHunt @NickFerrariLBC @RachelSJohnson The idea that the state should pay huge sums of money during a time of economic hardship, for a birth right ceremony is not only grotesque but vulgar too"
1607803761468248064,Tuesday December 27 18:21:02 2022,Kapitol80880108,The things that will destroy A. https://t.co/zxPIA8Ya1C
1607803761468100612,Tuesday December 27 18:21:02 2022,idiotham,@preptdisk praying the person in the window seat doesnâ€™t show up for u
1607803761438621697,Tuesday December 27 18:21:02 2022,the11thstone,@WiseFrog22 @hopequotes12 It's really hard to do when the bills are piling up!
1607803761434710018,Tuesday December 27 18:21:02 2022,bintari_g,"Bastrop vs Boerne-Champion | TX High School Basketball
Watch Live Here : https://t.co/4a2UtIOnAR
The Boerne-Champion (Boerne, TX) varsity basketball team has a home tournament game vs. Bastrop (TX) on today @ 9a."
1607803761434443776,Tuesday December 27 18:21:02 2022,holmestwtholmes,SF28/33 Sholto double-crossed both Morstan and Small and stole the treasure for himself-after inheriting a fortune from his uncle. Small vowed vengeance and four years later escaped the Andaman Islands with anï¿½islanderï¿½named Tonga after they both killed a prison guard.
1607803761426046977,Tuesday December 27 18:21:02 2022,Demonstatpromo,RT @theyyluvcaramel: Happy Titty Tuesday Babes ğŸ«¶ğŸ¼https://t.co/vc3GmG2eTL
1607803761405075456,Tuesday December 27 18:21:02 2022,zoolieu21,"@Elle_Ham06 @obgyn_pt @va_shiva @elonmusk I hope not.

How does it make the difference?"
1607803761380007938,Tuesday December 27 18:21:02 2022,zeythra,"@jhonpl55 @MinModulation @pulcheriopolis ""Eguchi even said in the past that Hibari was made to be a boy""
Source for that?"
1607803761363390464,Tuesday December 27 18:21:02 2022,GataGordaUSA,@Torahistheway We never went to church other than special occasions. When I looked into Christianity the sex/$ scandals of the pastors in the 1980â€™s repelled me totally. We stopping selling trees this year and have explained why to anyone who will listen. Springing up like grass we are. Isa 44
1607803761279537152,Tuesday December 27 18:21:02 2022,Christi45241482,@bythesea4 @CDCgov Why donâ€™t you shut the fuck up!
1607803761262735360,Tuesday December 27 18:21:02 2022,beingirfanahmed,"RT @KumariRukshmani: Happy birthday rockstar @BeingSalmanKhan May you keep shining always. 
#HappyBirthdaySalmanKhan https://t.co/wwL6JmM6ag"
1607803761249992711,Tuesday December 27 18:21:02 2022,EstarGithinji,RT @FelixWakavata: @EstarGithinji To you and Happy New Year!
1607803761245982720,Tuesday December 27 18:21:02 2022,Angela08496847,"I like you,like it all over the mountainsâ£ï¸ ğŸ’‹ ğŸ’‹â£ï¸ ğŸ’‹ ğŸ’‹â£ï¸ ğŸ’‹ ğŸ’‹â£ï¸ ğŸ’‹ ğŸ’‹ 
#ä¸Šæµ· #ä¸Šæµ·çº¿ä¸‹ https://t.co/3IkrmGGdXm"
1607803761225011200,Tuesday December 27 18:21:02 2022,MatthewUnterre1,Where Americans purposeful action. Your mind must be let off the https://t.co/95N53zKx5K
1607803761174675456,Tuesday December 27 18:21:02 2022,ErenKru139,"RT @karannpatelll: I will remember this version of Shikhar forever. One of the best ODI batsman of India. 

THANK YOU SHIKHAR â™¥ï¸ https://t.â€¦"
1607803761162088451,Tuesday December 27 18:21:02 2022,NickSpence1,"Your daily reminder that #dungeon23 doesn't need to be released to the public when it's finished, it can just be for you, and maybe some friends if you run it. It doesn't have to be a whole thing, it's just a lil guy in your notebook"
1607803761157611521,Tuesday December 27 18:21:02 2022,RZarnouji,"he cried aloud. â€œThe moon was as bright as this, last     https://t.co/gZXkOoCGYL"
1607803761124335618,Tuesday December 27 18:21:02 2022,catherinenunya,"@suevisa @rosethornne Iâ€™ve known this all along. Not to excuse looting and violence at protests, but many such occurrences were instigated by â€œoutside agitatorsâ€. It happened back in the â€œrace riotsâ€ and anti-war protests in the 1960s."
1607803761115676673,Tuesday December 27 18:21:02 2022,muriciorey,refused to do so the matter took another aspect in his eyes.  #NFT https://t.co/E10Eggid6d
1607803761107374081,Tuesday December 27 18:21:02 2022,uSTADIUM,What do you think are the reasons for Russell Wilson's recent struggles? https://t.co/8RKDO0lWoT
1607803761098899456,Tuesday December 27 18:21:02 2022,SATELLITEDC,Kicking off this week is @SkyfiApp which is creating a consumer marketplace to make Earth observation photos/videos easier to access. Register for an Exhibit Hall pass for Startup Space or an Executive All-Access pass to get the most out of the conference: https://t.co/pAJDrqjChq https://t.co/XDTtasZsrl
1607803761090613251,Tuesday December 27 18:21:02 2022,always_a_lady2u,"I'll say this again. If Adam returns to NE. I'll stop watching. Mistakes shouldn't be constantly repeated. It would be a huge mistake for Adam to return unless he's given total control of his own division. Without the interference of Victor, Nikki, Victoria and Nick!!! #YR"
1607803761078198272,Tuesday December 27 18:21:02 2022,KathyJo30835689,"I like you,like it all over the mountainsâ£ï¸ ğŸ’‹ ğŸ’‹â£ï¸ ğŸ’‹ ğŸ’‹â£ï¸ ğŸ’‹ ğŸ’‹â£ï¸ ğŸ’‹ ğŸ’‹ 
#ä¸Šæµ· #ä¸Šæµ·çº¿ä¸‹ https://t.co/NBu9vn8cUM"
1607803761056964609,Tuesday December 27 18:21:02 2022,zartasha_maryam,@arpita01699451 @BiggBoss @justvoot @BeingSalmanKhan @TRESemmeIndia @Chingssecret @MyGlamm Haq s OG mandli Stan. &amp; ye mandli ka Rona mat Rona kyn k mandli 2.0 is also in the house. Un main unity nai. I agree that it was an unfair eviction but it's not the first time. Every season this happens. What's big deal in removing competitor. They planned to nominate not evict.
1607803761044459522,Tuesday December 27 18:21:02 2022,SN00PZENS,making boys planet twt into a mess even before the show has started https://t.co/3YzJzHYdSR
1607803761040437248,Tuesday December 27 18:21:02 2022,midhurst_pete,@TheBarmyArmy The Barren outfieldâ€¦..
1607803761019482114,Tuesday December 27 18:21:02 2022,Cool__Shay22,Boy Saxons better buy the music makers some souse.  Only thing saving them from coming dead last https://t.co/DeeAL5Gj2O
1607803760998289409,Tuesday December 27 18:21:02 2022,poopcockpeacock,"you misused a word as serious as grooming for your dislike of MCU Tony/Peter's mentorship

@OSthatguy best not to take him seriously https://t.co/sd1MYsvOqT"
1607803760990113792,Tuesday December 27 18:21:02 2022,Harryy_22,"RT @siphillipssport: Chelsea are playing some of the best football I've seen us play in a while right now. Quick and progressive, it's almoâ€¦"
1607803760985931776,Tuesday December 27 18:21:02 2022,HbarJerry,"@BinanceHelpDesk Are you joking? I am on the chat now and all I get are one-word, two-word annswers @binance @cz_binance @BinanceHelpDesk https://t.co/Ei98xXBQOQ"
1607803760968962049,Tuesday December 27 18:21:02 2022,bobodundo,those who were interested in the matter had got up a gathering  #NFT https://t.co/lUXpDRmfNp
1607803760956538881,Tuesday December 27 18:21:02 2022,Space_Elvis_RL,"On January 26th I applied for the #FaZe1 challenge. That ended up changing my whole year. 

During #FaZe1 I was introduced to @cloaser .

He tought me to be true to myself. He reminded me to be comfortable being uncomfortable.

Thank you Marc. I love you. ğŸ’› https://t.co/fiEYbfb30I https://t.co/loJOz0F5An"
1607803760931405829,Tuesday December 27 18:21:02 2022,NurshedMalik,The one o'clock down express was just on the point of starting  naz  #åˆ·ç²‰å¹³å° https://t.co/gIpzc2DnWf
1607803760901750785,Tuesday December 27 18:21:02 2022,Maj72197615,Accept the truest form of love. https://t.co/KUy3B7bwCl
1607803760868470786,Tuesday December 27 18:21:02 2022,squishinat0r,I hate the person that invented this terrible zipper https://t.co/n4ggYkOKlV
1607803760851718144,Tuesday December 27 18:21:02 2022,JulieCr80109888,"I like you,like it all over the mountainsâ£ï¸ ğŸ’‹ ğŸ’‹â£ï¸ ğŸ’‹ ğŸ’‹â£ï¸ ğŸ’‹ 
#å—äº¬çº¿ä¸‹ #å—äº¬ https://t.co/jDlNCTgp0c"
1607803760784584704,Tuesday December 27 18:21:02 2022,DoreChantell,"A mans best friends are his ten fingers. 
#é‡åº†çº¿ä¸‹ #é‡åº† https://t.co/RbUSKNyder"
1607803760775929857,Tuesday December 27 18:21:02 2022,KoredeAhmed4,"RT @snappofafrica: Memories are best kept in photographs 
Book a session with us today
#mostbooked https://t.co/PaGdWEyLWR"
1607803760751030278,Tuesday December 27 18:21:02 2022,The_Ojashvi,"@_anjuwrites_ This question I think is ambivalent. If we say society judges us, then we can not deny the fact that we also judge society. So if we think our judgements are to be heard then we do have to accept societal judgements too. And ofcourse it depends on us how we let them affect us.!"
1607803760742662144,Tuesday December 27 18:21:02 2022,CarolMe40730213,Cover understand window best people writer as model foot. https://t.co/fp1wNNN3C2
1607803760742649857,Tuesday December 27 18:21:02 2022,enyerso03705076,"Thousands of miles to the westward17, a little boy of eight gazed out #tsé™ª #å¨‡å–˜ #é™ªç©   11 #æ–‡çˆ± #è£¸èŠ #1v1è§†é¢‘ #å¥³s #å«åºŠ     https://t.co/xNabccW9Eq"
1607803760742383618,Tuesday December 27 18:21:02 2022,SyedauroosaA,RT @Aryliesious: Happy B'day @BeingSalmanKhan https://t.co/WRx0i4b0dp
1607803760738189312,Tuesday December 27 18:21:02 2022,eVisitorGuide,Check-out the art of Vlasta Smola! Ukrainian-born #Chicago #artist with imaginative interpretations of beauty &amp; reality. Add original or print to your collection! See more at https://t.co/nLMszAMgNU. #art #artforsale #beauty #artgallery #fineart paintings #ChicagoArtist https://t.co/DOetfpFU7f
1607803760734261248,Tuesday December 27 18:21:02 2022,RoxieRose481,@janemarielynch Use parchment paper. It will eliminate the sticking. They still look delicious!
1607803760734003201,Tuesday December 27 18:21:02 2022,Mwijukyehapi,@Ronald_ug2 Then u are an amateur ğŸ˜‚ğŸ˜‚ you havenâ€™t mastered the skill
1607803760725659648,Tuesday December 27 18:21:02 2022,rika57949797,Accept the truest form of love. https://t.co/UIeaka2jSR
1607803760637784065,Tuesday December 27 18:21:02 2022,DasSushmita,@EkanshRai9 @rishabpantclub He isn't dropped from Odi at least. You will see it when they will announce the NZ squad.
1607803760566493186,Tuesday December 27 18:21:02 2022,ca5eylol,"Noodle, the guitarist from the band ""Gorillaz"" was only 13 when she wrote the best album of all time. https://t.co/XnOP32ZBvD"
1607803760562036737,Tuesday December 27 18:21:02 2022,pamera65213708,"@EmilyBellexx @hermann1894 @ShaftFan @LegalPornoNews @kxtten_x @RebelRhyderXXX @AnnadeVilleXXX @MinaxxxK_new @sunnria3 @cindyshine0 @MexicanMFs @LucaFerrero77 @longwoodx @dior_max @FreddyGong07 @PHicklos @ianscottx @Sweet_Pornstars @AssRefocused @Monika19760318 @Murphy7223 @armani29gmx @Blowbanger47 @am_rhein @CumWhores1 @Youlovemind hey emily! i was wondering if the cap dage blowbangs are available at your OF, i think i remember u saying they were removed!"
1607803760511799296,Tuesday December 27 18:21:02 2022,ShamWamBam,We might be on a higher frequency but the people that are watching are being duped and manipulated. So we can't always brush over this with we both know what's going on.
1607803760465842176,Tuesday December 27 18:21:02 2022,Daved414,"@theloneleshy HEAT THE OVEN
IT'S BAKING
CAN'T REALLY STAND ALL THE TIME THAT IT'S TAKING"
1607803760457269251,Tuesday December 27 18:21:02 2022,_YoungSavage300,RT @AriTheDon: Happy holidays! We hope your holiday season is filled with love. ğŸ„ğŸ¤ https://t.co/Sq8kp8fJsX
1607803760436445185,Tuesday December 27 18:21:02 2022,thaddock,"@Marston4ca42 As long as the GOP supports George Santos and Mark Meadows, they really can't be that outraged about liars and frauds."
1607803760432095237,Tuesday December 27 18:21:02 2022,RobinMi83228225,"@RedWingGrips This is WAY too close to the truth,!!"
1607803760381673478,Tuesday December 27 18:21:02 2022,ephymur,@obsidiancherrie enjoy the nice treatment while it lasts my rage is coming in anytime soonğŸ’•ğŸ¥°âœ¨ğŸ«¶ğŸ»
1607803760352587778,Tuesday December 27 18:21:02 2022,Michell34372706,"I like you,like it all over the mountainsâ£ï¸ ğŸ’‹ ğŸ’‹â£ï¸ ğŸ’‹ ğŸ’‹â£ï¸ ğŸ’‹ ğŸ’‹â£ï¸ ğŸ’‹ ğŸ’‹ 
#ä½›å±±çº¿ä¸‹ #ä½›å±± https://t.co/DQEBAo2Z2G"
1607803760331395072,Tuesday December 27 18:21:02 2022,TeeZeroHero,"I got internet friends older than some of y'all

Shout-out Soundcircuit dot com, the original blue site https://t.co/mI8Haj8DXs"
1607803760318857216,Tuesday December 27 18:21:02 2022,rolyteck,"As long as Satan and evil people are still in the world, there will be trouble in the world

#gckliveinekiti
#GlobalCrusadewithKumuyi"
1607803760306425856,Tuesday December 27 18:21:02 2022,Gato_Burrito,"@AmberDAO_ does this coin have a price or is it tradable yet
also is there somewhere to individually stake the token and not lp
thanks"
1607803760306278403,Tuesday December 27 18:21:02 2022,imPureHeat,"Brothers,it'd always be us,who make the first move,prove ourselves and show that we're better when it comes to finding love (mating).That's how we are wired; it's evolution.What went wrong is that the females were supposed to choose better,stable partners instead of toxic chodus."
1607803760260038669,Tuesday December 27 18:21:02 2022,hillsmcabbott,"RT @siphillipssport: Chelsea are playing some of the best football I've seen us play in a while right now. Quick and progressive, it's almoâ€¦"
1607803760251932672,Tuesday December 27 18:21:02 2022,virji_1959,"RT @virji_1959: @__elchapo255 Follow me â• all who retweetğŸ“Œ , following back all who follow me nowâ€¼ï¸ letâ€™s gainâ™»ï¸ HAPPY NEW YEAR 2023 LET'Sâ€¦"
1607803760243343360,Tuesday December 27 18:21:02 2022,Mohammadfahim68,"#Quran
 #quran_thedivinebook
#Quranhour
#Qurantime
#Quran4all

 And do not come near the #wealth of the #orphan , unless #intending to #enhance it

 6:152

#Allah
#Islam
#Muslim"
1607803760226762754,Tuesday December 27 18:21:02 2022,WebPassSocial,Support &amp; Vote for Mana Greek Fusion for Best Greek Food in Palm Beach County!!!!! https://t.co/yADLa87RFv
1607803760226586625,Tuesday December 27 18:21:02 2022,wtchippendales,"@RJRofficialpage The cracks are starting to show. A new episode of #WelcometoChippendales is streaming now on @hulu.

Reply #stop to opt-out."
1607803760218374145,Tuesday December 27 18:21:02 2022,AyushiA56602601,"RT @d_stellarqueen: Ankiiiiiiii, wishing you all the love, success and happiness â¤ï¸âœ¨ your BB journey is nothing but an inspiration to me. Aâ€¦"
1607803760209985538,Tuesday December 27 18:21:02 2022,itzcindy06,"RT @divyaamulu125: Being happy in life does not mean that everything is alright,
It only means that you are strong enough to let go of thinâ€¦"
1607803760163827712,Tuesday December 27 18:21:02 2022,regslvrboy,- listening to french music and reading is the best thing ever
1607803760125829123,Tuesday December 27 18:21:02 2022,amberdannielle2,"@OneSkinnyKing The cracks are starting to show. A new episode of #WelcometoChippendales is streaming now on @hulu.

Reply #stop to opt-out."
1607803760113221634,Tuesday December 27 18:21:02 2022,JVCrum,I love making pot roast all day the house be smelling so mf good
1607803760104833027,Tuesday December 27 18:21:02 2022,JosephA05857543,"Top Entrepeneur provides his ""Secret of The Cricle"" to build fast. You can today! Listen https://t.co/d3t8KBJxtr podcast entrepreneur esg"
1607803760096444417,Tuesday December 27 18:21:02 2022,LuckMaxX,Now working into shore and the attainment of any https://t.co/S2BXaAmpez
1607803760079691778,Tuesday December 27 18:21:02 2022,jeff_miller54,"@coinexcom #CoinExTurns5

Firstly, thanks for the opportunity and Merry Christmas to the whole team. â„ğŸŒ²

What would you like to achieve in this new year that is coming, also an association with some other project in the future?

@arilexa3001 
@ClemCr98 
@Eufox23"
1607803760067371008,Tuesday December 27 18:21:02 2022,ArizonaMarty,"RT @OakwoodRescue: For #k9hour we have Duke looking his best in the hope to find his forever homeğŸ’š
Duke's profile is still under review butâ€¦"
1607803760025440257,Tuesday December 27 18:21:02 2022,ChrisSiddall74,"@BrosephDomingo Hey man, I gotta Say, J.Cole really held hiS own on DatPiff. I think thatS why he getS So much reSpect; he Survived the era change"
1607803760016871425,Tuesday December 27 18:21:02 2022,thewhichdoctor,@davenewworld_2 Does the concept of de-escalation even exist in the American policing lexicon? I've seen 5 foot nothing female PC's single handedly calm down entire groups of lairy pint and a fight friday night drunks. Yet american cops just can't talk their way out of a confrontation with kids.
1607803760012673026,Tuesday December 27 18:21:02 2022,mathtick,"Keep on gaming, while you're away from home with the ASUS TUF Gaming F17 Gaming Laptop. #asus #TUF #gaming #laptop #videogames #xmas #christmas #gifts #holidays #deals #shopping #ad https://t.co/fe2ddoMiGK"
1607803760000241665,Tuesday December 27 18:21:02 2022,lvmonorail,@dylanthedog9 @draevans Yes it's quite awful as stopping might even mean the law comes after them I think. So I suppose similar to a gang threatening to burn down your families farm if you don't keep working but with different intentions on the side of the enforcer/regulator.
1607803759996047362,Tuesday December 27 18:21:02 2022,hamneggs716,@ryankeegan261 Happy Holidays! â„ï¸
1607803759962521601,Tuesday December 27 18:21:02 2022,Aster_Offical,"My best friend is Islamic and of Palestinian origin, while I'm an exCatholic whose ancestors hail from Ireland, so sometimes we have fun convos like this:

Me: WHY IS THERE A TALKING BABY JESUS IN THE QURAN?!
Her: Wait...Talking Baby Jesus ISN'T in the Bible?!"
1607803759949643776,Tuesday December 27 18:21:02 2022,PerezRamcy,@skippyip Bruh I literally just got one of those character expressions chartsheet and the only character I could think of was Josuke. Imma do Bob now cause I also have him on my mind
1607803759941263360,Tuesday December 27 18:21:02 2022,BehroozRezvani,"RT @Tealfuleyes: #MondayMice - 11

Geared up and ready to make the best of 2022s' last week. https://t.co/pZMyCfqKw8"
1607803759924744192,Tuesday December 27 18:21:02 2022,manarkin,"@TidyWire @arvalis @TimSweeneyEpic @ChrisRaadjes @SquaredApe @AdnanChaumette @OccultArt @Fervis7 You are not here to listen to someone who has a different opinion to yours, you are here to just feel like you are winning and that is obvious from the tone of your conversation.
I am not taking any side, all I am saying is that AI is here to stay and you can't do much about it."
1607803759924740097,Tuesday December 27 18:21:02 2022,@VT_OliviaMonroe Not enough. Go for the literally on fire model.
