,ID,Date,Username,Text
0,1607803753326907394,Tuesday December 27 18:21:00 2022,AnybodyCoinbase, yugacohler brian armstrong coinbase mainstream adoptions of crypto or of the company shares 
1,1607803753318731776,Tuesday December 27 18:21:00 2022,Sarfu_Official,RT KumariRukshmani Happy birthday rockstar BeingSalmanKhan May you keep shining always  HappyBirthdaySalmanKhan 
2,1607803753301774336,Tuesday December 27 18:21:00 2022,soulive03,THE POLAR EXPRESS 
3,1607803753276620806,Tuesday December 27 18:21:00 2022,pradeshonline,Learning to make Sure She is the only  
4,1607803753276530690,Tuesday December 27 18:21:00 2022,PKhounvongsa, JayBari Man I m tired of these non gaming a people that don t beat games derailing the whole conversation 
5,1607803753259995136,Tuesday December 27 18:21:00 2022,DCPOPers,RT KUHoops RT to wish CoachBillSelf a very happy birthday party popper 
6,1607803753213661188,Tuesday December 27 18:21:00 2022,XplayPictures,RT siphillipssport Chelsea are playing some of the best football I ve seen us play in a while right now Quick and progressive it s almo 
7,1607803753201307648,Tuesday December 27 18:21:00 2022,SongFinderBot, AnonVideoBot aceCourtBot pjnb  Mellon BotTheFlag pikaso me DeformBot MakeItACover MakeItACover colorize bot MakeAlbumCover ddl vid ddl vid yuachan  p qZ WO I FOUND THE SONG Tsuikyu  Oitsumerarete by Listen to it on YouTube 
8,1607803753197080577,Tuesday December 27 18:21:00 2022,HereOnly4Salman,RT Esha Deol Happy birthday BeingSalmanKhan we love you heart suit smiling face with open hands stay blessed nazar amulet heart suit 
9,1607803753192914945,Tuesday December 27 18:21:00 2022,naresh_zaveri5,RT marizulca Happy Autumn fallen leaf maple leaf fallen leaf maple leaf fallen leaf 
10,1607803753184493568,Tuesday December 27 18:21:00 2022,johnwp_design, norgan  jordanbpeterson The focus on the lack of father child bond makes people like Jordan Peterson rich because he s able to become the daddy of so many lost boys 
11,1607803753088036867,Tuesday December 27 18:21:00 2022,_tejranxrid_,RT stfu cherry Fluctuations in the tr nd count again I ll take a leave now I m having a really bad headache Happy th M to everyone 
12,1607803753083834368,Tuesday December 27 18:21:00 2022,MetalSD_68, Biscuithammer plz cock nino your NewsAcevedo News Right because the EDD and DMV function oh so well man facepalming 
13,1607803753079668736,Tuesday December 27 18:21:00 2022,Oregonsports21,Elverado Zeigler Royalton vs Father McGivney Catholic  High School Girl s Basketball LiveWatch Live Game The Elverado Zeigler Royalton Elkville IL vs Father McGivney Catholic Glen Carbon IL today   p 
14,1607803753025146881,Tuesday December 27 18:21:00 2022,ShawnS101, kl queenb Would love to go play with the kids How about you take of the valentine s day heart on my neck Sincerely Midnight face with hand over mouth face with hand over mouth face with hand over mouth 
15,1607803753008332801,Tuesday December 27 18:21:00 2022,tmj_sjc_finance,Check out our  latest Finance openings in SanJose by clicking the link in our bio 
16,1607803752987389952,Tuesday December 27 18:21:00 2022,DawnWhi70339582,Adversity is the midwife of genius   
17,1607803752970596352,Tuesday December 27 18:21:00 2022,Nofafifu_,RT MarcoLai  Arsenal is one of the best teams around in creating numerical superiority on the last line These frames are taken from th 
18,1607803752957845504,Tuesday December 27 18:21:00 2022,LifeNewsHQ,Woman Abandoned Her Newborn Baby Outside in Freezing Cold Lied to the Police About Baby s Location 
19,1607803752945438720,Tuesday December 27 18:21:00 2022,CoisasDoidas3d,What if we drank coconut water on top of a chocolate and we turn into the backyardigans
20,1607803752928378881,Tuesday December 27 18:21:00 2022,glamourboymo, einkxly aidanthereup Now what in the hell is gender appropriations 
21,1607803752903479297,Tuesday December 27 18:21:00 2022,Siouxzh, marklevinshow Coming from the party of trump take a seat You have zero credibility when it comes to who is lying 
22,1607803752869920768,Tuesday December 27 18:21:00 2022,DConanersClub_, Zero is where everything start You can t make something if you didn t pass the zero  Shinichi Kudo DCQuotes
23,1607803752857374720,Tuesday December 27 18:21:00 2022,volcanobulge,RT Professor Pecs Sleep deprivation can definitely lead to some fun GPose ideas I give you  Le Paradis Perdu avec Volcanobulge 
24,1607803752840417286,Tuesday December 27 18:21:00 2022,punishedmashi, reddit voice welcome to the inter  gets raped 
25,1607803752836120578,Tuesday December 27 18:21:00 2022,Awerka,I m always amazed how early the Skypiea arc is in One Piece when people always say it was pretty early for Luffy to face someone like Enel Eneru I m like nah but I always think it is AFTER the time skip for some reason rolling on the floor laughing 
26,1607803752815407112,Tuesday December 27 18:21:00 2022,stlnskissmartin,So e leave the villa Oh wait this isn t love island
27,1607803752798654464,Tuesday December 27 18:21:00 2022,MEHRSARO, AFP Islamic republic wants to get hostage the family of celebrities to silence them Today IR regime force lands a commercial airliner carrying AliDaei legendary soccer player s family en route to Dubai and took them out MahsaAmini IranRevolution
28,1607803752785797120,Tuesday December 27 18:21:00 2022,JayneOsullivan6, misskaren Those were the days  squinting face with tongue OK hand 
29,1607803752769269760,Tuesday December 27 18:21:00 2022,bidenbigboi,Starin out at the lake when it s  out grateful that my fianc√©e s dad is a good contractor observing the splendor of working class America that was actually able to move up I do love this place that I m from and the people that are in it I have both family and community 
30,1607803752760721410,Tuesday December 27 18:21:00 2022,donkeystonka, degenpoet Thank you fam The colors are VIBRANT on this one heart hands medium light skin tone folded hands light skin tone 
31,1607803752718925824,Tuesday December 27 18:21:00 2022,Patriot31, ApeHangerz HD seanhannity Thnx for the reminder I just unfollowed
32,1607803752710373376,Tuesday December 27 18:21:00 2022,JarrodThoughts, Kmiracle That would be a Browns move Bring in the guy who seems like a troublemaker and a big headache 
33,1607803752710291456,Tuesday December 27 18:21:00 2022,ML_9977, momrryprotecter I m only afraid that tammi will sign those divorce papers if louis was publicly single skull let s hope they get rid of the brett kid first thing
34,1607803752706355201,Tuesday December 27 18:21:00 2022,A_B_Allen, fiendformojitos Are these pills from the disc 
35,1607803752693792768,Tuesday December 27 18:21:00 2022,Scythe_of_lyfe, jack turban phoebeandheruni They forgot the mental illness cartoon panel 
36,1607803752664399872,Tuesday December 27 18:21:00 2022,rootofallsin,steps up behind themagiccrone as she s feeding michael brushing her silver hair aside as he leans his chin on her shoulder  darling  a kiss on her neck  apologies for my absence no rest for the wicked  he feels different and that ll be the different vessel 
37,1607803752651661315,Tuesday December 27 18:21:00 2022,RecoverinOrphan,Nobody gets to choose their family If a person is fortunate enough to be born into a healthy family life can be like floating down a smooth gentle river in the summertime But an unhealhy family is like a dangerous river filled with rocks debris and fast moving water thread  
38,1607803752605515776,Tuesday December 27 18:21:00 2022,baddnewsbrandon,Waffle House By TKO  seconds into the first round 
39,1607803752588931074,Tuesday December 27 18:21:00 2022,turk_kiz1,RT Torento samurai  cryptojack Gems One of the best crypto with pyro collision collision pyrotokenerc PYRO PYRO cryptobox PyroNation TrueBurn htt 
40,1607803752584720385,Tuesday December 27 18:21:00 2022,JorginhoS7, francis scarr The laughing stock of the world 
41,1607803752563740672,Tuesday December 27 18:21:00 2022,Ranak21, yukiiapr happy birthday my love my inspiration of my life bbrightvc  god blessed u succsess for your life career and love hope u always round in all good people and i proud of u that naver stop to learn and learn  thBrightDay bbrightvc black heart white heart 
42,1607803752546971648,Tuesday December 27 18:21:00 2022,Jessica55751187,    Than since best word involve change contain care grinning face squinting face with tongue face with raised eyebrow face savoring food waving hand 
43,1607803752542797824,Tuesday December 27 18:21:00 2022,itsmemiracIe,the chokehold this song and he said she said had on me was crazy 
44,1607803752529989632,Tuesday December 27 18:21:00 2022,stzworld,That s it Boy cut the check 
45,1607803752513249282,Tuesday December 27 18:21:00 2022,JeanneJ38854863,Ask yourself whether you are happy and you ceMy mother always wanted to be an actress She             
46,1607803752500842496,Tuesday December 27 18:21:00 2022,DexterDouglus77, RapSheet Javonte Williams was going to be the real game plan When the Broncos lost him everyone should have known broncos season was in shambles
47,1607803752479686656,Tuesday December 27 18:21:00 2022,annie_1673, Sxnny quinn i m literally going to cry thank you so much you re literally the sweetest and the best you have no idea how happy that flower thing made me i was having such a rubbish day thank you so much i love you so so much heart hands heart hands heart hands 
48,1607803752475676674,Tuesday December 27 18:21:00 2022,AshiaHodges,I hate people who play all day most time ion even be in the mood for all that like grow up 
49,1607803752471199751,Tuesday December 27 18:21:00 2022,JAPozueloM,Hey pixiebrix do you support accessing xhr requests instead of using jquery selectors Usecase Get data that is sent to the frontend but isn t displayed 
50,1607803752429256708,Tuesday December 27 18:21:00 2022,GenshinImpact, Hootie the hot Thank you for participating Your prize draw results are Oops better luck next time Do check out our official YouTube channel too gt gt gt  
51,1607803752349855751,Tuesday December 27 18:21:00 2022,CrawdadsBeat, turnovers in the game  SS  Hickory with a   advantage in the paint 
52,1607803752341438464,Tuesday December 27 18:21:00 2022,sportsl91472861,Lumen Christi Catholic vs Gabriel Richard  HS Basketball Today s Live Game  Broadcast On Demand backhand index pointing right  link   The Gabriel Richard Ann Arbor MI vs Lumen Christi Catholic Jackson MI 
53,1607803752337276931,Tuesday December 27 18:21:00 2022,AmitAmitj737, dumbletwit I benefited    money bag from the little investment of   I invested money bag from il Capo Of Crypto channel click on this link to join his group program on trades trust me you will thank me later  
54,1607803752253214720,Tuesday December 27 18:21:00 2022,SteelersNewsNow,Steelers OC Matt Canada Trusted A Rookie Who Never Had Jet Sweep In His Life With Game On The Line In Week  SteelersFootball HereWeGo SteelersNation SteelersFamily 
55,1607803752248971264,Tuesday December 27 18:21:00 2022,TheFrenchMonk, was a wild year for the channel Let s look back on some highlights of the past  months shall we Rewind   TheFrenchMonkVideo  
56,1607803752228192257,Tuesday December 27 18:21:00 2022,simpforbyul,RT byul  NAVER NOW hamster   dumpling hamster happy new year  dumpling  cutie byul smiling face with hearts MOONBYUL  
57,1607803752203051009,Tuesday December 27 18:21:00 2022,Ian_Martinez10, CondorSZN We need the pats to win now Lmaoo
58,1607803752177893376,Tuesday December 27 18:21:00 2022,recon2121, laurenboebert RandPaul Because we have a bunch of snakes that continue to be supporters of it I mean this list alone just shows you a small fraction of the POS on the Republican side  These fucktards need to be removed from their positions as they are unfit to govern lead or help this country 
59,1607803752152449025,Tuesday December 27 18:21:00 2022,thegunnarg,A Gallagher cameo is the only thing that could ruin this beautiful game
60,1607803752127533058,Tuesday December 27 18:21:00 2022,hogjug, clowngene Project Tokyo Dolls actually did this and it was fucking awesome but everything else about the game is such a horrible cesspool disaster
61,1607803752085610497,Tuesday December 27 18:21:00 2022,Heather01666085,I like you like it all over the mountains heart exclamation  kiss mark  kiss mark heart exclamation  kiss mark  kiss mark heart exclamation  kiss mark   
62,1607803752077197312,Tuesday December 27 18:21:00 2022,Kathryn80370448,Adversity is the midwife of genius   
63,1607803752039452672,Tuesday December 27 18:21:00 2022,silentlydeadIy, family they re exhausting  and so is Enid at the moment who she s been listening to ramble on and on about her break for the last hour she let her mind wonder to a couple other people that she s actually looking forward to reuniting with more accurately just one  
64,1607803751997349889,Tuesday December 27 18:21:00 2022,LulG25,That s the game eat or get ate
65,1607803751993331718,Tuesday December 27 18:21:00 2022,Charles94570376,To deny sheep The 
66,1607803751993331712,Tuesday December 27 18:21:00 2022,AshleyF82524321,Adversity is the midwife of genius   
67,1607803751980564481,Tuesday December 27 18:21:00 2022,PACJWH0,just posted again my fav song from the smash your head against the wall album  lt  i NEED that album so much 
68,1607803751947198466,Tuesday December 27 18:21:00 2022,RachaelJeanVFG, xgivmgBUMgqtFA RitaPanahi Yes I am menopausal and take HRT and when my hormone patch wears off the cramping is unreal especially in my guts and muscles 
69,1607803751905234944,Tuesday December 27 18:21:00 2022,mkane1616, scalzi This is a similar strategy to what I have followed with my cell phones The difference being that I get the second latest option to save a little For example I upgraded from iPhone  to iPhone  about three weeks after iPhone X was released I m still currently using iPhone 
70,1607803751850549252,Tuesday December 27 18:21:00 2022,wtchippendales, linda egg The cracks are starting to show A new episode of WelcometoChippendales is streaming now on hulu Reply stop to opt out 
71,1607803751837966337,Tuesday December 27 18:21:00 2022,boopstawista,Christmas lights the weekend before Christmas weekend a thread DISCLAIMER I don t own any background music being played here 
72,1607803751817154560,Tuesday December 27 18:21:00 2022,JamiePr99996576,I like you like it all over the mountains heart exclamation  kiss mark  kiss mark heart exclamation  kiss mark  kiss mark heart exclamation  kiss mark  kiss mark heart exclamation  kiss mark  kiss mark   
73,1607803751775227911,Tuesday December 27 18:21:00 2022,NetfIixu, DiscussingFilm Why are you crying  im just happy to see you  blue heart 
74,1607803751762362369,Tuesday December 27 18:21:00 2022,DamnSnyder, TheBurgundyZone You re still too emotional Nobody has belittled anyone if any of these feelings are true all it shows is that players from the s s and s feel under represented by Snyder during ceremonies Not that they think Taylor sucks or isn t worthy of a wire statue or charity 
75,1607803751750053890,Tuesday December 27 18:21:00 2022,HepcatinExile, sunluvver macron robert Oh the old we d all be speaking German line Reminds me of the old America First group in the s who either thought we shouldn t bother fighting against Nazis or that we should actually be on their side 
76,1607803751737487360,Tuesday December 27 18:21:00 2022,Nerbitisafurry, ChicThomas You lost me at Biden sells children this is a little too close to the pizzagate frazzledrip bullshit from  
77,1607803751712329729,Tuesday December 27 18:21:00 2022,rywilwrite, amazinggamepro It s all playacting for the refs I can t take that sport seriously 
78,1607803751691333632,Tuesday December 27 18:21:00 2022,layne, tysonwpg Umbrella Tree is a popular show at bath time around here the kid is quite jealous
79,1607803751678771200,Tuesday December 27 18:21:00 2022,XeroLvl,Excited to end the year on a high point and super stoked to share what I got planned next in the new year 
80,1607803751653576709,Tuesday December 27 18:21:00 2022,Hunnyyounger, UnitedStandMUFC One of the reasons for our downfall
81,1607803751640834056,Tuesday December 27 18:21:00 2022,FFCommunity_, collision Harry Kane v Aston Villa collision Phil Foden v Everton collision Wilfried Zaha v Bournemouth Gameweek  head to head records man teacher backhand index pointing down 
82,1607803751636647936,Tuesday December 27 18:21:00 2022,WorkinehAbate, bryblank The cracks are starting to show A new episode of WelcometoChippendales is streaming now on hulu Reply stop to opt out 
83,1607803751615848450,Tuesday December 27 18:21:00 2022,BurnMeBaby_420,by them called Erlik after the Prince of Darkness ruled at the birth of             
84,1607803751586500609,Tuesday December 27 18:21:00 2022,OliviaR22168043, Vatekanore arvalis How does it make artists jobs way harder If anything a tool like this should make their jobs way easier right No longer having to spend all the time on rough drafts they can simply ask for a rough draft and edit it to completion 
85,1607803751536164864,Tuesday December 27 18:21:00 2022,melrod42,The old man said lightly  spa    therefore 
86,1607803751531966464,Tuesday December 27 18:21:00 2022,bensoleaux, CoDoc Peter Grinspoon The study included passengers and pedestrians  The study results should not be used to imply impairment or increased risk associated with drug presence 
87,1607803751519391744,Tuesday December 27 18:21:00 2022,RaviAwakening,being home for the holidays means being roped into designing business cards for your family
88,1607803751515000832,Tuesday December 27 18:21:00 2022,Wardom141,The Secret War Series Lite force s Clear out Lake Geneva DUMBS AI Kontrolled Dracos n Greys Demon Hybrid s and all sorts of EvALL 
89,1607803751502434305,Tuesday December 27 18:21:00 2022,RavensViews, Autosultan team SuperJeetpack Developing a new platform always requires a lot of research and effort We see most of the project just clone of an existing project So IS Your project clone of an existing project or is it built from scratch If yes can you please introduce the team behind this Development 
90,1607803751502417921,Tuesday December 27 18:21:00 2022,mviski, NFL Rookie of the Year odds Jets Garrett Wilson Sauce Gardner well ahead BaltimoreRavens Ravens GoRavens RavensFlock 
91,1607803751498219521,Tuesday December 27 18:21:00 2022,MoonLemons9, DailyJLee It s from the mail and grocery delivery Don t forget to wipe down your packages with Clorox  s
92,1607803751494045696,Tuesday December 27 18:21:00 2022,helen_musick, Hassansa wren Showrunners actively going out of their way at this point they add a hero scene during bat but not here is criminal worst of all he s actually concerned but never gets to do the action
93,1607803751485837314,Tuesday December 27 18:21:00 2022,nillakatt,If facts the story It s about consistency Consistent hard work 
94,1607803751473057793,Tuesday December 27 18:21:00 2022,bearloveporn,we all know mpa its a pretty good sitealso sorry for the thread being so short its rly hard to find pro eedee communities on the internet now  if i find more i will be adding to the thread lt 
95,1607803751468879875,Tuesday December 27 18:21:00 2022,CaudilTony,RT Kalethoficial    only for  hot guys who want to play with me smiling face with horns Happy holidays Christmas tree  backhand index pointing down 
96,1607803751452278786,Tuesday December 27 18:21:00 2022,bobby15998,Inside Club XYZ to enter the midnight in the metaverse Raffle 
97,1607803751439699972,Tuesday December 27 18:21:00 2022,Unschuld_Faust, Appalachian mitchtweet MrPaulPashley NoContextBrits By voting for the less shit party Either vote for a party that you want in not a party that will get another out
98,1607803751435468801,Tuesday December 27 18:21:00 2022,"""Nice to meet you Mr.Cruz. I'm Hitomi.""

Said the girl, smiling.

""I'm doing fine, what about yourself?"" ",
99,1607803753327128576,Tuesday December 27 18:21:00 2022,bcbiloxi, BeyondtheMnstr The Red Sox have no clue what clubhouse presence is or how important it is This guy and Eovaldi have it X had it Papi had it You need that 
100,1607803753326907394,Tuesday December 27 18:21:00 2022,AnybodyCoinbase, yugacohler brian armstrong coinbase mainstream adoptions of crypto or of the company shares 
101,1607803753318731776,Tuesday December 27 18:21:00 2022,Sarfu_Official,RT KumariRukshmani Happy birthday rockstar BeingSalmanKhan May you keep shining always  HappyBirthdaySalmanKhan 
102,1607803753301774336,Tuesday December 27 18:21:00 2022,soulive03,THE POLAR EXPRESS 
103,1607803753276620806,Tuesday December 27 18:21:00 2022,pradeshonline,Learning to make Sure She is the only  
104,1607803753276530690,Tuesday December 27 18:21:00 2022,PKhounvongsa, JayBari Man I m tired of these non gaming a people that don t beat games derailing the whole conversation 
105,1607803753259995136,Tuesday December 27 18:21:00 2022,DCPOPers,RT KUHoops RT to wish CoachBillSelf a very happy birthday party popper 
106,1607803753213661188,Tuesday December 27 18:21:00 2022,XplayPictures,RT siphillipssport Chelsea are playing some of the best football I ve seen us play in a while right now Quick and progressive it s almo 
107,1607803753201307648,Tuesday December 27 18:21:00 2022,SongFinderBot, AnonVideoBot aceCourtBot pjnb  Mellon BotTheFlag pikaso me DeformBot MakeItACover MakeItACover colorize bot MakeAlbumCover ddl vid ddl vid yuachan  p qZ WO I FOUND THE SONG Tsuikyu  Oitsumerarete by Listen to it on YouTube 
108,1607803753197080577,Tuesday December 27 18:21:00 2022,HereOnly4Salman,RT Esha Deol Happy birthday BeingSalmanKhan we love you heart suit smiling face with open hands stay blessed nazar amulet heart suit 
109,1607803753192914945,Tuesday December 27 18:21:00 2022,naresh_zaveri5,RT marizulca Happy Autumn fallen leaf maple leaf fallen leaf maple leaf fallen leaf 
110,1607803753184493568,Tuesday December 27 18:21:00 2022,johnwp_design, norgan  jordanbpeterson The focus on the lack of father child bond makes people like Jordan Peterson rich because he s able to become the daddy of so many lost boys 
111,1607803753088036867,Tuesday December 27 18:21:00 2022,_tejranxrid_,RT stfu cherry Fluctuations in the tr nd count again I ll take a leave now I m having a really bad headache Happy th M to everyone 
112,1607803753083834368,Tuesday December 27 18:21:00 2022,MetalSD_68, Biscuithammer plz cock nino your NewsAcevedo News Right because the EDD and DMV function oh so well man facepalming 
113,1607803753079668736,Tuesday December 27 18:21:00 2022,Oregonsports21,Elverado Zeigler Royalton vs Father McGivney Catholic  High School Girl s Basketball LiveWatch Live Game The Elverado Zeigler Royalton Elkville IL vs Father McGivney Catholic Glen Carbon IL today   p 
114,1607803753025146881,Tuesday December 27 18:21:00 2022,ShawnS101, kl queenb Would love to go play with the kids How about you take of the valentine s day heart on my neck Sincerely Midnight face with hand over mouth face with hand over mouth face with hand over mouth 
115,1607803753008332801,Tuesday December 27 18:21:00 2022,tmj_sjc_finance,Check out our  latest Finance openings in SanJose by clicking the link in our bio 
116,1607803752987389952,Tuesday December 27 18:21:00 2022,DawnWhi70339582,Adversity is the midwife of genius   
117,1607803752970596352,Tuesday December 27 18:21:00 2022,Nofafifu_,RT MarcoLai  Arsenal is one of the best teams around in creating numerical superiority on the last line These frames are taken from th 
118,1607803752957845504,Tuesday December 27 18:21:00 2022,LifeNewsHQ,Woman Abandoned Her Newborn Baby Outside in Freezing Cold Lied to the Police About Baby s Location 
119,1607803752945438720,Tuesday December 27 18:21:00 2022,CoisasDoidas3d,What if we drank coconut water on top of a chocolate and we turn into the backyardigans
120,1607803752928378881,Tuesday December 27 18:21:00 2022,glamourboymo, einkxly aidanthereup Now what in the hell is gender appropriations 
121,1607803752903479297,Tuesday December 27 18:21:00 2022,Siouxzh, marklevinshow Coming from the party of trump take a seat You have zero credibility when it comes to who is lying 
122,1607803752869920768,Tuesday December 27 18:21:00 2022,DConanersClub_, Zero is where everything start You can t make something if you didn t pass the zero  Shinichi Kudo DCQuotes
123,1607803752840417286,Tuesday December 27 18:21:00 2022,punishedmashi, reddit voice welcome to the inter  gets raped 
124,1607803752836120578,Tuesday December 27 18:21:00 2022,Awerka,I m always amazed how early the Skypiea arc is in One Piece when people always say it was pretty early for Luffy to face someone like Enel Eneru I m like nah but I always think it is AFTER the time skip for some reason rolling on the floor laughing 
125,1607803752815407112,Tuesday December 27 18:21:00 2022,stlnskissmartin,So e leave the villa Oh wait this isn t love island
126,1607803752798654464,Tuesday December 27 18:21:00 2022,MEHRSARO, AFP Islamic republic wants to get hostage the family of celebrities to silence them Today IR regime force lands a commercial airliner carrying AliDaei legendary soccer player s family en route to Dubai and took them out MahsaAmini IranRevolution
127,1607803752785797120,Tuesday December 27 18:21:00 2022,JayneOsullivan6, misskaren Those were the days  squinting face with tongue OK hand 
128,1607803752769269760,Tuesday December 27 18:21:00 2022,bidenbigboi,Starin out at the lake when it s  out grateful that my fianc√©e s dad is a good contractor observing the splendor of working class America that was actually able to move up I do love this place that I m from and the people that are in it I have both family and community 
129,1607803752760721410,Tuesday December 27 18:21:00 2022,donkeystonka, degenpoet Thank you fam The colors are VIBRANT on this one heart hands medium light skin tone folded hands light skin tone 
130,1607803752718925824,Tuesday December 27 18:21:00 2022,Patriot31, ApeHangerz HD seanhannity Thnx for the reminder I just unfollowed
131,1607803752710373376,Tuesday December 27 18:21:00 2022,JarrodThoughts, Kmiracle That would be a Browns move Bring in the guy who seems like a troublemaker and a big headache 
132,1607803752710291456,Tuesday December 27 18:21:00 2022,ML_9977, momrryprotecter I m only afraid that tammi will sign those divorce papers if louis was publicly single skull let s hope they get rid of the brett kid first thing
133,1607803752706355201,Tuesday December 27 18:21:00 2022,A_B_Allen, fiendformojitos Are these pills from the disc 
134,1607803752693792768,Tuesday December 27 18:21:00 2022,Scythe_of_lyfe, jack turban phoebeandheruni They forgot the mental illness cartoon panel 
135,1607803752664399872,Tuesday December 27 18:21:00 2022,rootofallsin,steps up behind themagiccrone as she s feeding michael brushing her silver hair aside as he leans his chin on her shoulder  darling  a kiss on her neck  apologies for my absence no rest for the wicked  he feels different and that ll be the different vessel 
136,1607803752651661315,Tuesday December 27 18:21:00 2022,RecoverinOrphan,Nobody gets to choose their family If a person is fortunate enough to be born into a healthy family life can be like floating down a smooth gentle river in the summertime But an unhealhy family is like a dangerous river filled with rocks debris and fast moving water thread  
137,1607803752605515776,Tuesday December 27 18:21:00 2022,baddnewsbrandon,Waffle House By TKO  seconds into the first round 
138,1607803752588931074,Tuesday December 27 18:21:00 2022,turk_kiz1,RT Torento samurai  cryptojack Gems One of the best crypto with pyro collision collision pyrotokenerc PYRO PYRO cryptobox PyroNation TrueBurn htt 
139,1607803752584720385,Tuesday December 27 18:21:00 2022,JorginhoS7, francis scarr The laughing stock of the world 
140,1607803752563740672,Tuesday December 27 18:21:00 2022,Ranak21, yukiiapr happy birthday my love my inspiration of my life bbrightvc  god blessed u succsess for your life career and love hope u always round in all good people and i proud of u that naver stop to learn and learn  thBrightDay bbrightvc black heart white heart 
141,1607803752546971648,Tuesday December 27 18:21:00 2022,Jessica55751187,    Than since best word involve change contain care grinning face squinting face with tongue face with raised eyebrow face savoring food waving hand 
142,1607803752542797824,Tuesday December 27 18:21:00 2022,itsmemiracIe,the chokehold this song and he said she said had on me was crazy 
143,1607803752529989632,Tuesday December 27 18:21:00 2022,stzworld,That s it Boy cut the check 
144,1607803752513249282,Tuesday December 27 18:21:00 2022,JeanneJ38854863,Ask yourself whether you are happy and you ceMy mother always wanted to be an actress She             
145,1607803752500842496,Tuesday December 27 18:21:00 2022,DexterDouglus77, RapSheet Javonte Williams was going to be the real game plan When the Broncos lost him everyone should have known broncos season was in shambles
146,1607803752479686656,Tuesday December 27 18:21:00 2022,annie_1673, Sxnny quinn i m literally going to cry thank you so much you re literally the sweetest and the best you have no idea how happy that flower thing made me i was having such a rubbish day thank you so much i love you so so much heart hands heart hands heart hands 
147,1607803752475676674,Tuesday December 27 18:21:00 2022,AshiaHodges,I hate people who play all day most time ion even be in the mood for all that like grow up 
148,1607803752471199751,Tuesday December 27 18:21:00 2022,JAPozueloM,Hey pixiebrix do you support accessing xhr requests instead of using jquery selectors Usecase Get data that is sent to the frontend but isn t displayed 
149,1607803752429256708,Tuesday December 27 18:21:00 2022,GenshinImpact, Hootie the hot Thank you for participating Your prize draw results are Oops better luck next time Do check out our official YouTube channel too gt gt gt  
150,1607803752349855751,Tuesday December 27 18:21:00 2022,CrawdadsBeat, turnovers in the game  SS  Hickory with a   advantage in the paint 
151,1607803752341438464,Tuesday December 27 18:21:00 2022,sportsl91472861,Lumen Christi Catholic vs Gabriel Richard  HS Basketball Today s Live Game  Broadcast On Demand backhand index pointing right  link   The Gabriel Richard Ann Arbor MI vs Lumen Christi Catholic Jackson MI 
152,1607803752337276931,Tuesday December 27 18:21:00 2022,AmitAmitj737, dumbletwit I benefited    money bag from the little investment of   I invested money bag from il Capo Of Crypto channel click on this link to join his group program on trades trust me you will thank me later  
153,1607803752253214720,Tuesday December 27 18:21:00 2022,SteelersNewsNow,Steelers OC Matt Canada Trusted A Rookie Who Never Had Jet Sweep In His Life With Game On The Line In Week  SteelersFootball HereWeGo SteelersNation SteelersFamily 
154,1607803752248971264,Tuesday December 27 18:21:00 2022,TheFrenchMonk, was a wild year for the channel Let s look back on some highlights of the past  months shall we Rewind   TheFrenchMonkVideo  
155,1607803752228192257,Tuesday December 27 18:21:00 2022,simpforbyul,RT byul  NAVER NOW hamster   dumpling hamster happy new year  dumpling  cutie byul smiling face with hearts MOONBYUL  
156,1607803752203051009,Tuesday December 27 18:21:00 2022,Ian_Martinez10, CondorSZN We need the pats to win now Lmaoo
157,1607803752177893376,Tuesday December 27 18:21:00 2022,recon2121, laurenboebert RandPaul Because we have a bunch of snakes that continue to be supporters of it I mean this list alone just shows you a small fraction of the POS on the Republican side  These fucktards need to be removed from their positions as they are unfit to govern lead or help this country 
158,1607803752152449025,Tuesday December 27 18:21:00 2022,thegunnarg,A Gallagher cameo is the only thing that could ruin this beautiful game
159,1607803752127533058,Tuesday December 27 18:21:00 2022,hogjug, clowngene Project Tokyo Dolls actually did this and it was fucking awesome but everything else about the game is such a horrible cesspool disaster
160,1607803752085610497,Tuesday December 27 18:21:00 2022,Heather01666085,I like you like it all over the mountains heart exclamation  kiss mark  kiss mark heart exclamation  kiss mark  kiss mark heart exclamation  kiss mark   
161,1607803752077197312,Tuesday December 27 18:21:00 2022,Kathryn80370448,Adversity is the midwife of genius   
162,1607803752039452672,Tuesday December 27 18:21:00 2022,silentlydeadIy, family they re exhausting  and so is Enid at the moment who she s been listening to ramble on and on about her break for the last hour she let her mind wonder to a couple other people that she s actually looking forward to reuniting with more accurately just one  
163,1607803751997349889,Tuesday December 27 18:21:00 2022,LulG25,That s the game eat or get ate
164,1607803751993331718,Tuesday December 27 18:21:00 2022,Charles94570376,To deny sheep The 
165,1607803751993331712,Tuesday December 27 18:21:00 2022,AshleyF82524321,Adversity is the midwife of genius   
166,1607803751980564481,Tuesday December 27 18:21:00 2022,PACJWH0,just posted again my fav song from the smash your head against the wall album  lt  i NEED that album so much 
167,1607803751947198466,Tuesday December 27 18:21:00 2022,RachaelJeanVFG, xgivmgBUMgqtFA RitaPanahi Yes I am menopausal and take HRT and when my hormone patch wears off the cramping is unreal especially in my guts and muscles 
168,1607803751905234944,Tuesday December 27 18:21:00 2022,mkane1616, scalzi This is a similar strategy to what I have followed with my cell phones The difference being that I get the second latest option to save a little For example I upgraded from iPhone  to iPhone  about three weeks after iPhone X was released I m still currently using iPhone 
169,1607803751850549252,Tuesday December 27 18:21:00 2022,wtchippendales, linda egg The cracks are starting to show A new episode of WelcometoChippendales is streaming now on hulu Reply stop to opt out 
170,1607803751837966337,Tuesday December 27 18:21:00 2022,boopstawista,Christmas lights the weekend before Christmas weekend a thread DISCLAIMER I don t own any background music being played here 
171,1607803751817154560,Tuesday December 27 18:21:00 2022,JamiePr99996576,I like you like it all over the mountains heart exclamation  kiss mark  kiss mark heart exclamation  kiss mark  kiss mark heart exclamation  kiss mark  kiss mark heart exclamation  kiss mark  kiss mark   
172,1607803751775227911,Tuesday December 27 18:21:00 2022,NetfIixu, DiscussingFilm Why are you crying  im just happy to see you  blue heart 
173,1607803751762362369,Tuesday December 27 18:21:00 2022,DamnSnyder, TheBurgundyZone You re still too emotional Nobody has belittled anyone if any of these feelings are true all it shows is that players from the s s and s feel under represented by Snyder during ceremonies Not that they think Taylor sucks or isn t worthy of a wire statue or charity 
174,1607803751750053890,Tuesday December 27 18:21:00 2022,HepcatinExile, sunluvver macron robert Oh the old we d all be speaking German line Reminds me of the old America First group in the s who either thought we shouldn t bother fighting against Nazis or that we should actually be on their side 
175,1607803751737487360,Tuesday December 27 18:21:00 2022,Nerbitisafurry, ChicThomas You lost me at Biden sells children this is a little too close to the pizzagate frazzledrip bullshit from  
176,1607803751712329729,Tuesday December 27 18:21:00 2022,rywilwrite, amazinggamepro It s all playacting for the refs I can t take that sport seriously 
177,1607803751691333632,Tuesday December 27 18:21:00 2022,layne, tysonwpg Umbrella Tree is a popular show at bath time around here the kid is quite jealous
178,1607803751678771200,Tuesday December 27 18:21:00 2022,XeroLvl,Excited to end the year on a high point and super stoked to share what I got planned next in the new year 
179,1607803751653576709,Tuesday December 27 18:21:00 2022,Hunnyyounger, UnitedStandMUFC One of the reasons for our downfall
180,1607803751640834056,Tuesday December 27 18:21:00 2022,FFCommunity_, collision Harry Kane v Aston Villa collision Phil Foden v Everton collision Wilfried Zaha v Bournemouth Gameweek  head to head records man teacher backhand index pointing down 
181,1607803751636647936,Tuesday December 27 18:21:00 2022,WorkinehAbate, bryblank The cracks are starting to show A new episode of WelcometoChippendales is streaming now on hulu Reply stop to opt out 
182,1607803751615848450,Tuesday December 27 18:21:00 2022,BurnMeBaby_420,by them called Erlik after the Prince of Darkness ruled at the birth of             
183,1607803751586500609,Tuesday December 27 18:21:00 2022,OliviaR22168043, Vatekanore arvalis How does it make artists jobs way harder If anything a tool like this should make their jobs way easier right No longer having to spend all the time on rough drafts they can simply ask for a rough draft and edit it to completion 
184,1607803751536164864,Tuesday December 27 18:21:00 2022,melrod42,The old man said lightly  spa    therefore 
185,1607803751531966464,Tuesday December 27 18:21:00 2022,bensoleaux, CoDoc Peter Grinspoon The study included passengers and pedestrians  The study results should not be used to imply impairment or increased risk associated with drug presence 
186,1607803751519391744,Tuesday December 27 18:21:00 2022,RaviAwakening,being home for the holidays means being roped into designing business cards for your family
187,1607803751515000832,Tuesday December 27 18:21:00 2022,Wardom141,The Secret War Series Lite force s Clear out Lake Geneva DUMBS AI Kontrolled Dracos n Greys Demon Hybrid s and all sorts of EvALL 
188,1607803751502434305,Tuesday December 27 18:21:00 2022,RavensViews, Autosultan team SuperJeetpack Developing a new platform always requires a lot of research and effort We see most of the project just clone of an existing project So IS Your project clone of an existing project or is it built from scratch If yes can you please introduce the team behind this Development 
189,1607803751502417921,Tuesday December 27 18:21:00 2022,mviski, NFL Rookie of the Year odds Jets Garrett Wilson Sauce Gardner well ahead BaltimoreRavens Ravens GoRavens RavensFlock 
190,1607803751498219521,Tuesday December 27 18:21:00 2022,MoonLemons9, DailyJLee It s from the mail and grocery delivery Don t forget to wipe down your packages with Clorox  s
191,1607803751494045696,Tuesday December 27 18:21:00 2022,helen_musick, Hassansa wren Showrunners actively going out of their way at this point they add a hero scene during bat but not here is criminal worst of all he s actually concerned but never gets to do the action
192,1607803751485837314,Tuesday December 27 18:21:00 2022,nillakatt,If facts the story It s about consistency Consistent hard work 
193,1607803751473057793,Tuesday December 27 18:21:00 2022,bearloveporn,we all know mpa its a pretty good sitealso sorry for the thread being so short its rly hard to find pro eedee communities on the internet now  if i find more i will be adding to the thread lt 
194,1607803751468879875,Tuesday December 27 18:21:00 2022,CaudilTony,RT Kalethoficial    only for  hot guys who want to play with me smiling face with horns Happy holidays Christmas tree  backhand index pointing down 
195,1607803751452278786,Tuesday December 27 18:21:00 2022,bobby15998,Inside Club XYZ to enter the midnight in the metaverse Raffle 
196,1607803751439699972,Tuesday December 27 18:21:00 2022,Unschuld_Faust, Appalachian mitchtweet MrPaulPashley NoContextBrits By voting for the less shit party Either vote for a party that you want in not a party that will get another out
197,1607803751435468801,Tuesday December 27 18:21:00 2022,Terrance567891, Nice to meet you Mr Cruz I m Hitomi Said the girl smiling I m doing fine what about yourself 
198,1607803751427080193,Tuesday December 27 18:21:00 2022,"@SRampora @Rebaone59275709 @MYANC Love Yourself as a Black Person ????
Who the hell Teaches Kids this Black Racist Garbage
Can only be EFF Parents 
Love Yourself as a Black Person ?
What is wrong with being Blacküñ§
Did you find out only now ?
Your Attitude is what Defines You and Who you are and Not Skin Colour",
199,1607803757513027585,Tuesday December 27 18:21:01 2022,JohnsThompson7,Lowndes VS button The Villages Charter tear off calendar December  alarm clock   PM television Game Details Battle at The Villages VHS Hoops LowndesVikings VikingsMBB ShoptawSamuel lance 
200,1607803757508567041,Tuesday December 27 18:21:01 2022,Nancykatheu,Found myself in a happy healthy relationship that s ending in marriage 
201,1607803757487861765,Tuesday December 27 18:21:01 2022,voidxfull,RT hummusandpitaa mcdonalds has stopped adding tomato slices to burgers and im really happy about it
202,1607803757483495424,Tuesday December 27 18:21:01 2022,TheresaDabney1,what did you get  TonyPeroniXRP TUKANG IND MrFynch TheWSPepe WesWes FaroukSalmat SchmuFoo dhanaakanksha The Dinhus rehanuta Diegolemaxixou JTitaniumhands craxowns Cryptodeville megawise srecahaya pushkarrvohra 
203,1607803757471105031,Tuesday December 27 18:21:01 2022,TuffTiffResists,RT Esqueer  It s going to be fun when Chaya Raichik reveals her face and OSINT researchers can use it to find her in January th insurrec 
204,1607803757471092740,Tuesday December 27 18:21:01 2022,mikeonacoa5ter, FrankieBorrelli I try to use our ass is in the jackpot as often as seems deserved 
205,1607803757458518016,Tuesday December 27 18:21:01 2022,missdnicole27, CrumblCookies It s my nd birthday today amp my favorite comfort movie is the best of me red heart red heart  CrumblCookies
206,1607803757454327809,Tuesday December 27 18:21:01 2022,mesa_wind, drgazzini hugh mankind You are probably used to the King James version of the Bible But the Greek word for sorcery is Pharmakeia I d be happy to have a face to face  I m in Florida 
207,1607803757420576771,Tuesday December 27 18:21:01 2022,Karolin92563748,The captain fleeted aft the crew 
208,1607803757416574977,Tuesday December 27 18:21:01 2022,Mephone3gs_,Also the sketch 
209,1607803757412204546,Tuesday December 27 18:21:01 2022,Randa96748734,   He made a small hole in the belt with a leather punch 
210,1607803757412098048,Tuesday December 27 18:21:01 2022,respondrecover, kksheld How do we get the data 
211,1607803757357862944,Tuesday December 27 18:21:01 2022,JamesWhiteley6,My favorite Christmas present this year  PS the speed and the graphics fir Fortnite r incredible
212,1607803757353635840,Tuesday December 27 18:21:01 2022,LadyBockBock, ConsumerSOS CailinasEirinn TorontoPearson The answer er luggage is out there 
213,1607803757345087488,Tuesday December 27 18:21:01 2022,ZettoKuzuuya, GuyFromPoland yeah athena is bad too and get this they LISTENED to the sweats and reduced the rep you get after  about   so the stranger stuff that is  yeah never gonna happen anymore 
214,1607803757307506688,Tuesday December 27 18:21:01 2022,niyaryn,To tell you the truth I m not here to criticize you two at all I m here to help you I m a supporting character after all 
215,1607803757294755842,Tuesday December 27 18:21:01 2022,VantaBlackLurid,Not the same demographic of white loudly crying face loudly crying face loudly crying face those ones love niggas 
216,1607803757278134272,Tuesday December 27 18:21:01 2022,BTSmylifeSeven,RT FahadAlkubaisi The Best Moments From Dreamers JungKook FahadAlKubaisi WorldCup 
217,1607803757252722690,Tuesday December 27 18:21:01 2022,hendrixart, eliopictures o fishel and I have discovered that no one makes their best work let along actual learning in a context of constant anxiety Unlocking the best version of your work has to start with enjoyment even in a critique 
218,1607803757206585349,Tuesday December 27 18:21:01 2022,crackinggems, freddiesen adamgordon MPMaddula seann I suppose there is a bit of self protection Rightly so My Mum  decided to climb over her bed bars whilst in hospital fell and broke her leg again She didn t recover from the nd fall When she died I had a call from the police to make sure I had no concerns I hadn t 
219,1607803757202481153,Tuesday December 27 18:21:01 2022,MLive,The largest piece of that   million in local money    million  will fund purchases for upgrades to equipment for several mid Michigan law enforcement agencies Kildee said 
220,1607803757185622016,Tuesday December 27 18:21:01 2022,MustBeCharm,see even the best of them can lose 
221,1607803757156339712,Tuesday December 27 18:21:01 2022,ChimpSquared, andytouch AlanZucconi but not like this and i can see why they want it stopped  we need to stop the companies that leech off of them and then flood the market with dirty assets should be buying their training data 
222,1607803757148139521,Tuesday December 27 18:21:01 2022,MaggieIvan7,the world       qwetl life I can satisfy you with my heart 
223,1607803757147856898,Tuesday December 27 18:21:01 2022,RealLife_J_LO, WHSLadyPirates You all could have met in Middlesboro and played and it would have been a  min drive for both  You didn t have to drive all the way to Florida to play Haha Good luck in the Sunshine state 
224,1607803757147848704,Tuesday December 27 18:21:01 2022,GirlsOfAqua,From an Aquarius to other Aquarians  do NOT give away your time or energy for free going into  That shits over and done with Too many people using us for our good nature and we re being drained at the end of the day Set those boundaries and focus on YOURSELF 
225,1607803757143920641,Tuesday December 27 18:21:01 2022,DuskTheFuss, GaryTheCreator FortniteGame Fr people acting like they ve never had to deal with the dragon ball mythic like it was gonna kill them to have an OP weapon in the game for likd  weeks get over it skull 
226,1607803757131333632,Tuesday December 27 18:21:01 2022,TinaBergstrom2,President Trump Joins Wayne Allyn Root to Discuss the Most Important Stories This Week for Conservatives VIDEO  via gatewaypundit
227,1607803757131190272,Tuesday December 27 18:21:01 2022,ItinTina,It Know significance Your leadership influence must translate into a word the small blue diamond H small blue diamond small blue diamond H small blue diamond small blue diamond H small blue diamond 
228,1607803757110390785,Tuesday December 27 18:21:01 2022,rehan_nkhan, TMobileHelp MikeSievert Can I please get the assistance for my ongoing issue 
229,1607803757097533441,Tuesday December 27 18:21:01 2022,hana_internet,RT thalles cabral Yonlu venceu o pr√™mio de Melhor Filme Independente da Am√©rica do Sul em Londres no Best Film Awards  white heart que orgulho des 
230,1607803757093425155,Tuesday December 27 18:21:01 2022,thegoldflinch, MCHAELRIKA right and tbh laurie wanted a woman who wasn t independent like jo in the end he would ve wanted her to conform to what he wanted her to be i think and it just wouldn t have made either of them happy
231,1607803757072465923,Tuesday December 27 18:21:01 2022,marulg27, Europarl EN War is Europe s way of living Who has treasures from Africa Asia America Oceania Europe will never stop thier most lucrative business war slavery in many ways Using the rest of the world as cheap labour force Read history folks Don t be obtuse 
232,1607803757068431361,Tuesday December 27 18:21:01 2022,Prasad83373911,RT NtvTeluguLive           BestElevation JrNTR Tollywood R SSRajamouli NTVENT NTVTelugu 
233,1607803757060055040,Tuesday December 27 18:21:01 2022,uixhamid, AhtishamDogar Ethics and Rules and Regulations of the country 
234,1607803757055676417,Tuesday December 27 18:21:01 2022,taramaclachlan, RShrubb Know what you mean As a Veteran as Trans Woman and as biker The good people who share your interests as the best thumbs up 
235,1607803757030674432,Tuesday December 27 18:21:01 2022,kath143047,RT ers Happy birthday brockpurdy  party popper 
236,1607803757022281728,Tuesday December 27 18:21:01 2022,BeingSalman155,RT rahulvaidya Happy Birthday BeingSalmanKhan bhai  May you have the best of health and luck in the years to come Baaki sab kuch to 
237,1607803756996956161,Tuesday December 27 18:21:01 2022,ScarlettNovella,spoilers for thsi week s destiny s storyThe fact rasputin doesn t start talking in russian to you is a missed opportunity
238,1607803756988563460,Tuesday December 27 18:21:01 2022,Ptr1874Avfc, AVFCFaithful He s doing a fantastic job already has his tactics in place  just needs to harness the personnel exciting to watch transformation from SG adds his own driving enthusiasm and knowledge of the game  love the man 
239,1607803756976168960,Tuesday December 27 18:21:01 2022,_berrychoco9597,I love you more than I can sayyou re the best  
240,1607803756955201536,Tuesday December 27 18:21:01 2022,Vecktooor,Hanging with the Frogs I appreciate the clear message Pons ETH delivers A great space to learn about building a Web business frog Worth a listen  OfficialTravlad ThePlagueNFT GenuineUndead ApeGangNFT Web nftart 
241,1607803756946784256,Tuesday December 27 18:21:01 2022,Lynard77630882,RT cd kelli Think of the excitement of unwrapping the best Christmas present you ever received How you held that box close to you Admir 
242,1607803756946628612,Tuesday December 27 18:21:01 2022,tyjaeminter,RT Coach WJackson Life is to short to not go be your best There is no task to small or to insignificant that it doesn t deserve your bes 
243,1607803756938203137,Tuesday December 27 18:21:01 2022,Justbogging, RussInCheshire I see all this slagging off of Amazon  I publish through Amazon and cut out the middle people i e agent and publisher becoming the publisher myself and get  It s the other people making off authors who have signed away their books for  nothing no advance nowt 
244,1607803756909035520,Tuesday December 27 18:21:01 2022,Crypto1Lucas,Market Update for BTC amp  ETH week sideways market but still patiently waiting for the confirmation I need in order to take trades And now we got it  
245,1607803756879482881,Tuesday December 27 18:21:01 2022,BeysKid, BadBitchCarta Not the TUN TUN TUN loudly crying face rolling on the floor laughing 
246,1607803756871139333,Tuesday December 27 18:21:01 2022,MrsMmmmm23, bwc I hope the rest of the diners appreciate winking face 
247,1607803756774846464,Tuesday December 27 18:21:01 2022,Therrport, fullback You re right but you are also wrong Newcastle has a better back line than we do It s impossible to play on the front foot when you can t trust your defenders to get a stop or make the smart pass
248,1607803756745469953,Tuesday December 27 18:21:01 2022,Yolanda68149961,I like you like it all over the mountains heart exclamation  kiss mark  kiss mark heart exclamation  kiss mark  kiss mark heart exclamation  kiss mark  kiss mark heart exclamation  kiss mark  kiss mark   
249,1607803756720316416,Tuesday December 27 18:21:01 2022,el_b_yng, queerti ahaha yes this feeling doesn t leave me from the first glance at this photo grinning face with sweat  SaveWarriorNun
250,1607803756711931905,Tuesday December 27 18:21:01 2022,mikehunt1974, gtconwayd Its the trump school of politics  so what if i lied i was elected and you weren t 
251,1607803756711657472,Tuesday December 27 18:21:01 2022,princessxemnas,i don t care how overplayed it is still one of the best voca songs of all time 
252,1607803756695162880,Tuesday December 27 18:21:01 2022,kroltanzz,This is sad and plays right into the Republican s false narrative In reality George W Bush was and is a pathetic idiot His admin committed war crimes and was responsible for the destruction of Iraq and the death of thousands of innocent citizens But he s OK now because Trump 
253,1607803756695130112,Tuesday December 27 18:21:01 2022,masterSIGIL, PlsWatchGundam Exactly But realistically speaking any system no matter how good on paper inevitably will end corrupt and bloated because humans are running it So it doesnt really matter whether its capitalism socialism or communism the end result is the same 
254,1607803756686573573,Tuesday December 27 18:21:01 2022,AnthonySpina94, elonmusk ggreenwald mtaibbi Please tell us more Bill Gates questioned Elon Musk s management style calling it a seat of the pants approach 
255,1607803756665790464,Tuesday December 27 18:21:01 2022,jeromestixxx, JayPeg Same amp Imma b pissed if the smell isn t hitting 
256,1607803756665786368,Tuesday December 27 18:21:01 2022,lvwayter, zerena hoofs Japanese visitors traveling under the signing of the Sister State AgreementBy Dennis Fujimoto The Garden Island  Tuesday December     a m LIHU E  Preparations to greet the first group of Japanese traveling under the signing of the Sister State Agreement between
257,1607803756653203457,Tuesday December 27 18:21:01 2022,terminalgravity, CalebHeimlich Washington state residents also have a new cap amp trade tax that starts¬† Jan  which as¬†previously reported¬†by The Center Square would drive fuel costs up an estimated  cents per gallon This will come on top of Washington s current rate of   cents per gallon of state tax 
258,1607803756640624640,Tuesday December 27 18:21:01 2022,osazenoo, OLAgoodchild AnambraNEWS Then Peter Obi is the head IPOB terrorist killing people in the south east That s our fear too
259,1607803756619661314,Tuesday December 27 18:21:01 2022,Newnotes_,My Twitter algorithm has been got progressively worse since Elon bought Twitter I hate the idea that I have to pay him for how bad of a job he is doing to get an inch of exposure as an artist Horrible dilemma 
260,1607803756610994176,Tuesday December 27 18:21:01 2022,mphopostergift,RT iDiskiTimes     South African referee Victor Gomes is among  referees who are nominated for the 
261,1607803756577697793,Tuesday December 27 18:21:01 2022,Bobcam14, Yerfej ellymelly Not fooled not angry a bit sad that their are so many people who don t understand risk amp have such poor scientific comprehension It would be funny if it wasn t for the fact that the BS is actually costing people their lives 
262,1607803756523171841,Tuesday December 27 18:21:01 2022,phennec02, its LilClo So not fully how sure twitter would feel about this one but I ll just say that I was really feeling myself with this photo and the tiktok AI filter 
263,1607803756506419201,Tuesday December 27 18:21:01 2022,GaryL_,Isn t it the Bar Association that s the common denominator 
264,1607803756506411009,Tuesday December 27 18:21:01 2022,Maj69043552,When the power of love overcomes the lov 
265,1607803756506382336,Tuesday December 27 18:21:01 2022,NathanRayClark,Yep That s been my experience in the last   hours 
266,1607803756468666369,Tuesday December 27 18:21:01 2022,ZnippZnipp1,RT GoldenAzuma For his shorter height Wzi was much sought after by men who liked more aggressive fun For the right amount of cash 
267,1607803756460101635,Tuesday December 27 18:21:01 2022,TyburnMartyrs,St Michael the Archangel defend us in battle Be our safeguard against the wickedness and snares of the Devil May God rebuke him we humbly pray And do thou O Prince of the heavenly hosts by the power of God thrust into hell Satan amp all the evil spirits who prowl the earth 
268,1607803756451885057,Tuesday December 27 18:21:01 2022,cahkimlinkbudi,All are not saIf I should meet thee       B  The furthest distance in 
269,1607803756426530816,Tuesday December 27 18:21:01 2022,reotuheadequith,i liked the replay xAvacava Vip Kon  mangang KitungaMbeni xCrpTFamZ ImMax Maxim IreneOkonye ZombiiPepe edna kaguri DamineCo lolgeted 
270,1607803756418334721,Tuesday December 27 18:21:01 2022,cryptocyphereth, DeFiKingdoms love the jade 
271,1607803756405755905,Tuesday December 27 18:21:01 2022,savinhobaba1, Kelv kline Makavelli The mumu no know the meaning if not na cry him for dey cry not to sitdown there dey carry shoulder grinning face grinning face grinning face grinning face grinning face 
272,1607803756392992769,Tuesday December 27 18:21:01 2022,MuldoonTooty, kylegriffin MSNBC The names of the legislation is a complete  degree of what the bill provides That equals LIES All propaganda Can you say SHEEP 
273,1607803756376379392,Tuesday December 27 18:21:01 2022,gremgoyles, police car light Want to win a Castle  GremGoyle NFT  police car light star Like Retweet Tag  friends star Join the ApolloNFU amp  gremgoyles Discord star SET YOUR REMINDER movie camera  alarm clock 
274,1607803756372008961,Tuesday December 27 18:21:01 2022,AsiimweDicta,Hi UCC Official what percentage of Uganda is covered with telecoms network I ask because there is barely network where I am and this is a problem I have experienced in many other parts of the country
275,1607803756317478922,Tuesday December 27 18:21:01 2022,priv_naty_7, eye Quem visita seu perfil  eye  gt  twelve o clock  min  gt  one o clock  min  gt  ten thirty  min  gt  twelve o clock h  gt  one o clock h  gt  ten thirty h left speech bubble Clique aqui backhand index pointing down 
276,1607803756313251845,Tuesday December 27 18:21:01 2022,dokeiki1983,Do you looking for FREE V bucks for FortniteHere you can get the Vbucks quicklyVisit backhand index pointing right light skin tone backhand index pointing right light skin tone  crown 
277,1607803756305092608,Tuesday December 27 18:21:01 2022,devinfd, Jess inthewild  ick  rehabing an animal for selfish reasons ie not putting the animals welfare first Even worse is intentionally habituating an animal to have it as an ambassador in a collection 
278,1607803756275707904,Tuesday December 27 18:21:01 2022,Cumberlandcrack, OCAM  As much as the filter lad You re hot hot face but let s be authentic 
279,1607803756258951169,Tuesday December 27 18:21:01 2022,AureL3e,This question is for the people who doesn t like brushing their teeth why don t you brush do you like the smell of not brushing your teeth the plaque on your teeth or the taste of the bacteria 
280,1607803756258930688,Tuesday December 27 18:21:01 2022,Erica_Etelson, VPrasadMDMPH An even more amazing article that I hope you can help unpack b c it s scary as hell 
281,1607803756250292225,Tuesday December 27 18:21:01 2022,HungarianFalcon, PFF Brad In my lifetime the local team Bears   colts   KC   Houston   Cleveland  present has been sustainably good for only  stints mid s Bears Watt Kubiak teams Refreshing to get good play out of the home team since they re always on 
282,1607803756246339589,Tuesday December 27 18:21:01 2022,homevideonasty,But sometimes I d feel more fulfilled  Making Christmas cards with the mentally ill  I want to live and I want to love  I want to catch something that I might be ashamed of 
283,1607803756237799425,Tuesday December 27 18:21:01 2022,Bimbo_Otun,That first half by the front Chef kiss
284,1607803756221198336,Tuesday December 27 18:21:01 2022,Nut20708610,RT jeen Good Night BamBam sleeping face Z My favourite songs are  SlowMo  WhoAreYou and WheelsUp by BamBam  BamBamA so happy to listen 
285,1607803756200226817,Tuesday December 27 18:21:01 2022,edarealm,Luz I should now teach you how to identify different types of snow by taste Go on eat the snow 
286,1607803756200198144,Tuesday December 27 18:21:01 2022,AshleyBrakoni10,I like you like it all over the mountains heart exclamation  kiss mark  kiss mark heart exclamation  kiss mark  kiss mark heart exclamation  kiss mark  kiss mark heart exclamation  kiss mark  kiss mark   
287,1607803756195758081,Tuesday December 27 18:21:01 2022,ShorelineCusto1,I m in the running to win  tiny mattresses in One  SleepOvation inOne inOne SweetAirChannels PtFamous 
288,1607803756195749889,Tuesday December 27 18:21:01 2022,Dilkaagzi,RT AHAbd I miss my happy SuMaan dizzy I miss RWSP days badly Wo bhi kya din thi pleading face pleading face broken heart broken heart DDP is permanent loudly crying face SuMaan SumbulTouqeerKhan Fah 
289,1607803756154073088,Tuesday December 27 18:21:01 2022,PriyankaaaFan,RT ImGoriNagori Janta entered in the house and made ShivThakare as new captain of house Are u happy with this decision Yes  Like 
290,1607803756091146240,Tuesday December 27 18:21:01 2022,Kristin09922010,A mans best friends are his ten fingers   
291,1607803756086980609,Tuesday December 27 18:21:01 2022,MiyaMonroe,Im speaking nothing but greatness into next year I will have the best year of my life I will become financially responsible I will take fabulous trips I will become a MUA I m speaking nothing but greatness into next year white heart 
292,1607803756078415872,Tuesday December 27 18:21:01 2022,AdegokePraise,Up the Chels blue heart 
293,1607803756074123270,Tuesday December 27 18:21:01 2022,wtchippendales, Sarah E Allen The cracks are starting to show A new episode of WelcometoChippendales is streaming now on hulu Reply stop to opt out 
294,1607803756057432066,Tuesday December 27 18:21:01 2022,spoiIedream, ilovdlisa FR half the reason i wanted to recover was too go back to my honeymoon phase when i relapsed loudly crying face loudly crying face didn t work
295,1607803756053426176,Tuesday December 27 18:21:01 2022,nallarasu,It is the direct threat to India s secularism and constitution What are the constitutional bodies doing Are they afraid of such weapons bulldozers or got stamped as anti Indian PragyaThakur 
296,1607803756045041664,Tuesday December 27 18:21:01 2022,"RT @WinmetawinO: ig winmetawin update

May you get all that you have ever desired for in your life. Happy birthday best bro ü§çüéÇ

üîó ",
297,1607803761715453953,Tuesday December 27 18:21:02 2022,fitriaimansari,Learn an often than not anonymously handed on the horizon   small blue diamond FN small blue diamond small blue diamond FN small blue diamond small blue diamond FN small blue diamond 
298,1607803761707323394,Tuesday December 27 18:21:02 2022,bottomforyou243, callmebaby Just did mine might do the longer one to see if anything changes 
299,1607803761703145472,Tuesday December 27 18:21:02 2022,NomnivoreGames, dethbox RudolfWolph SeiRruf Thanks for the recommend 
300,1607803761669607425,Tuesday December 27 18:21:02 2022,ravanang_vivek,RT NatuNiji  ShivThakareFC ShivThakare SHIV THAKARE THE CAPTAIN ShivThakare ShivSquad ShivKiSena  Very very happy
301,1607803761635856388,Tuesday December 27 18:21:02 2022,princessxemnas, rip to the original rin version this just hits different loudly crying face 
302,1607803761598111747,Tuesday December 27 18:21:02 2022,day_architect, FalSkyWolf This is a great example of upcycling love the idea  heart suit 
303,1607803761589891073,Tuesday December 27 18:21:02 2022,ThatBoyJSTAR, damnitjanett loudly crying face loudly crying face loudly crying face loudly crying face dumbasses They deserve the wrath face with tears of joy 
304,1607803761581527040,Tuesday December 27 18:21:02 2022,AnandKorde3,RT realpreityzinta Happy Birthday Salman red heart It was so nice to see you on my short n sweet trip May you always keep smiling shining and l 
305,1607803761560551426,Tuesday December 27 18:21:02 2022,kittywithfleas, progressivepush Poster boy for the ultra right white nationalist uberdude  squinting face with tongue 
306,1607803761556328449,Tuesday December 27 18:21:02 2022,CatChucks, tendertorg In  on th December the father of astronomy  Johannes Kepler was born 
307,1607803761535356929,Tuesday December 27 18:21:02 2022,ToluEkisola,This really came back to punch me in the face  face with tears of joy face with tears of joy face with tears of joy I ve had so many last minute changes recently It forced me to sit my a down and realize that I AM NOT IN CONTROL GOD IS I can t speak enough He is TOO mighty to understand A true trust exercise 
308,1607803761535193088,Tuesday December 27 18:21:02 2022,MicahlovesHeda,RT JoshuaPHil The fact that Chaya Raichik LibsofTikTok is Jewish makes me so sad and angry To spew the same rhetoric that s been use 
309,1607803761535098882,Tuesday December 27 18:21:02 2022,PLAYER_BOII_, Maibitil  February isn t far Sisi  Relex your Energy amp Energetic voice they re seeing the reality from far places that ll why they ve disturbing us but Soon lesson will be learn
310,1607803761510223873,Tuesday December 27 18:21:02 2022,MariaBo68735359,Adversity is the midwife of genius   
311,1607803761501818880,Tuesday December 27 18:21:02 2022,Elena87438666,The things that will destroy A 
312,1607803761488969729,Tuesday December 27 18:21:02 2022,glen_stanbridge, LBC  PeterHunt NickFerrariLBC RachelSJohnson The idea that the state should pay huge sums of money during a time of economic hardship for a birth right ceremony is not only grotesque but vulgar too
313,1607803761468248064,Tuesday December 27 18:21:02 2022,Kapitol80880108,The things that will destroy A 
314,1607803761468100612,Tuesday December 27 18:21:02 2022,idiotham, preptdisk praying the person in the window seat doesn t show up for u
315,1607803761438621697,Tuesday December 27 18:21:02 2022,the11thstone, WiseFrog hopequotes It s really hard to do when the bills are piling up 
316,1607803761434710018,Tuesday December 27 18:21:02 2022,bintari_g,Bastrop vs Boerne Champion  TX High School BasketballWatch Live Here  The Boerne Champion Boerne TX varsity basketball team has a home tournament game vs Bastrop TX on today  a 
317,1607803761434443776,Tuesday December 27 18:21:02 2022,holmestwtholmes,SF  Sholto double crossed both Morstan and Small and stole the treasure for himself after inheriting a fortune from his uncle Small vowed vengeance and four years later escaped the Andaman Islands with an islander named Tonga after they both killed a prison guard 
318,1607803761426046977,Tuesday December 27 18:21:02 2022,Demonstatpromo,RT theyyluvcaramel Happy Titty Tuesday Babes heart hands medium light skin tone 
319,1607803761405075456,Tuesday December 27 18:21:02 2022,zoolieu21, Elle Ham obgyn pt va shiva elonmusk I hope not How does it make the difference 
320,1607803761380007938,Tuesday December 27 18:21:02 2022,zeythra, jhonpl MinModulation pulcheriopolis Eguchi even said in the past that Hibari was made to be a boy Source for that 
321,1607803761363390464,Tuesday December 27 18:21:02 2022,GataGordaUSA, Torahistheway We never went to church other than special occasions When I looked into Christianity the sex scandals of the pastors in the  s repelled me totally We stopping selling trees this year and have explained why to anyone who will listen Springing up like grass we are Isa 
322,1607803761279537152,Tuesday December 27 18:21:02 2022,Christi45241482, bythesea CDCgov Why don t you shut the fuck up 
323,1607803761262735360,Tuesday December 27 18:21:02 2022,beingirfanahmed,RT KumariRukshmani Happy birthday rockstar BeingSalmanKhan May you keep shining always  HappyBirthdaySalmanKhan 
324,1607803761249992711,Tuesday December 27 18:21:02 2022,EstarGithinji,RT FelixWakavata  EstarGithinji To you and Happy New Year 
325,1607803761245982720,Tuesday December 27 18:21:02 2022,Angela08496847,I like you like it all over the mountains heart exclamation  kiss mark  kiss mark heart exclamation  kiss mark  kiss mark heart exclamation  kiss mark  kiss mark heart exclamation  kiss mark  kiss mark   
326,1607803761225011200,Tuesday December 27 18:21:02 2022,MatthewUnterre1,Where Americans purposeful action Your mind must be let off the 
327,1607803761174675456,Tuesday December 27 18:21:02 2022,ErenKru139,RT karannpatel I will remember this version of Shikhar forever One of the best ODI batsman of India THANK YOU SHIKHAR heart suit 
328,1607803761162088451,Tuesday December 27 18:21:02 2022,NickSpence1,Your daily reminder that dungeon doesn t need to be released to the public when it s finished it can just be for you and maybe some friends if you run it It doesn t have to be a whole thing it s just a lil guy in your notebook
329,1607803761157611521,Tuesday December 27 18:21:02 2022,RZarnouji,he cried aloud  The moon was as bright as this last   
330,1607803761124335618,Tuesday December 27 18:21:02 2022,catherinenunya, suevisa rosethornne I ve known this all along Not to excuse looting and violence at protests but many such occurrences were instigated by outside agitators It happened back in the race riots and anti war protests in the s 
331,1607803761115676673,Tuesday December 27 18:21:02 2022,muriciorey,refused to do so the matter took another aspect in his eyes  NFT 
332,1607803761107374081,Tuesday December 27 18:21:02 2022,uSTADIUM,What do you think are the reasons for Russell Wilson s recent struggles 
333,1607803761098899456,Tuesday December 27 18:21:02 2022,SATELLITEDC,Kicking off this week is SkyfiApp which is creating a consumer marketplace to make Earth observation photos videos easier to access Register for an Exhibit Hall pass for Startup Space or an Executive All Access pass to get the most out of the conference  
334,1607803761090613251,Tuesday December 27 18:21:02 2022,always_a_lady2u,I ll say this again If Adam returns to NE I ll stop watching Mistakes shouldn t be constantly repeated It would be a huge mistake for Adam to return unless he s given total control of his own division Without the interference of Victor Nikki Victoria and Nick  YR
335,1607803761078198272,Tuesday December 27 18:21:02 2022,KathyJo30835689,I like you like it all over the mountains heart exclamation  kiss mark  kiss mark heart exclamation  kiss mark  kiss mark heart exclamation  kiss mark  kiss mark heart exclamation  kiss mark  kiss mark   
336,1607803761056964609,Tuesday December 27 18:21:02 2022,zartasha_maryam, arpita BiggBoss justvoot BeingSalmanKhan TRESemmeIndia Chingssecret MyGlamm Haq s OG mandli Stan  amp ye mandli ka Rona mat Rona kyn k mandli   is also in the house Un main unity nai I agree that it was an unfair eviction but it s not the first time Every season this happens What s big deal in removing competitor They planned to nominate not evict 
337,1607803761044459522,Tuesday December 27 18:21:02 2022,SN00PZENS,making boys planet twt into a mess even before the show has started 
338,1607803761040437248,Tuesday December 27 18:21:02 2022,midhurst_pete, TheBarmyArmy The Barren outfield 
339,1607803761019482114,Tuesday December 27 18:21:02 2022,Cool__Shay22,Boy Saxons better buy the music makers some souse  Only thing saving them from coming dead last 
340,1607803760998289409,Tuesday December 27 18:21:02 2022,poopcockpeacock,you misused a word as serious as grooming for your dislike of MCU Tony Peter s mentorship OSthatguy best not to take him seriously 
341,1607803760990113792,Tuesday December 27 18:21:02 2022,Harryy_22,RT siphillipssport Chelsea are playing some of the best football I ve seen us play in a while right now Quick and progressive it s almo 
342,1607803760985931776,Tuesday December 27 18:21:02 2022,HbarJerry, BinanceHelpDesk Are you joking I am on the chat now and all I get are one word two word annswers binance cz binance BinanceHelpDesk 
343,1607803760968962049,Tuesday December 27 18:21:02 2022,bobodundo,those who were interested in the matter had got up a gathering  NFT 
344,1607803760956538881,Tuesday December 27 18:21:02 2022,Space_Elvis_RL,On January th I applied for the FaZe challenge That ended up changing my whole year During FaZe I was introduced to cloaser He tought me to be true to myself He reminded me to be comfortable being uncomfortable Thank you Marc I love you  yellow heart  
345,1607803760931405829,Tuesday December 27 18:21:02 2022,NurshedMalik,The one o clock down express was just on the point of starting naz  
346,1607803760901750785,Tuesday December 27 18:21:02 2022,Maj72197615,Accept the truest form of love 
347,1607803760868470786,Tuesday December 27 18:21:02 2022,squishinat0r,I hate the person that invented this terrible zipper 
348,1607803760851718144,Tuesday December 27 18:21:02 2022,JulieCr80109888,I like you like it all over the mountains heart exclamation  kiss mark  kiss mark heart exclamation  kiss mark  kiss mark heart exclamation  kiss mark   
349,1607803760784584704,Tuesday December 27 18:21:02 2022,DoreChantell,A mans best friends are his ten fingers   
350,1607803760775929857,Tuesday December 27 18:21:02 2022,KoredeAhmed4,RT snappofafrica Memories are best kept in photographs Book a session with us today mostbooked 
351,1607803760751030278,Tuesday December 27 18:21:02 2022,The_Ojashvi, anjuwrites This question I think is ambivalent If we say society judges us then we can not deny the fact that we also judge society So if we think our judgements are to be heard then we do have to accept societal judgements too And ofcourse it depends on us how we let them affect us 
352,1607803760742662144,Tuesday December 27 18:21:02 2022,CarolMe40730213,Cover understand window best people writer as model foot 
353,1607803760742649857,Tuesday December 27 18:21:02 2022,enyerso03705076,Thousands of miles to the westward a little boy of eight gazed out ts       v s    
354,1607803760742383618,Tuesday December 27 18:21:02 2022,SyedauroosaA,RT Aryliesious Happy B day BeingSalmanKhan 
355,1607803760738189312,Tuesday December 27 18:21:02 2022,eVisitorGuide,Check out the art of Vlasta Smola Ukrainian born Chicago artist with imaginative interpretations of beauty amp reality Add original or print to your collection See more at  art artforsale beauty artgallery fineart paintings ChicagoArtist 
356,1607803760734261248,Tuesday December 27 18:21:02 2022,RoxieRose481, janemarielynch Use parchment paper It will eliminate the sticking They still look delicious 
357,1607803760734003201,Tuesday December 27 18:21:02 2022,Mwijukyehapi, Ronald ug Then u are an amateur face with tears of joy face with tears of joy you haven t mastered the skill
358,1607803760725659648,Tuesday December 27 18:21:02 2022,rika57949797,Accept the truest form of love 
359,1607803760637784065,Tuesday December 27 18:21:02 2022,DasSushmita, EkanshRai rishabpantclub He isn t dropped from Odi at least You will see it when they will announce the NZ squad 
360,1607803760566493186,Tuesday December 27 18:21:02 2022,ca5eylol,Noodle the guitarist from the band Gorillaz was only  when she wrote the best album of all time 
361,1607803760562036737,Tuesday December 27 18:21:02 2022,pamera65213708, EmilyBellexx hermann ShaftFan LegalPornoNews kxtten x RebelRhyderX AnnadeVilleX MinaxK new sunnria cindyshine MexicanMFs LucaFerrero longwoodx dior max FreddyGong PHicklos ianscottx Sweet Pornstars AssRefocused Monika Murphy armanigmx Blowbanger am rhein CumWhores Youlovemind hey emily i was wondering if the cap dage blowbangs are available at your OF i think i remember u saying they were removed 
362,1607803760511799296,Tuesday December 27 18:21:02 2022,ShamWamBam,We might be on a higher frequency but the people that are watching are being duped and manipulated So we can t always brush over this with we both know what s going on 
363,1607803760465842176,Tuesday December 27 18:21:02 2022,Daved414, theloneleshy HEAT THE OVENIT S BAKINGCAN T REALLY STAND ALL THE TIME THAT IT S TAKING
364,1607803760457269251,Tuesday December 27 18:21:02 2022,_YoungSavage300,RT AriTheDon Happy holidays We hope your holiday season is filled with love  Christmas tree white heart 
365,1607803760436445185,Tuesday December 27 18:21:02 2022,thaddock, Marstonca As long as the GOP supports George Santos and Mark Meadows they really can t be that outraged about liars and frauds 
366,1607803760432095237,Tuesday December 27 18:21:02 2022,RobinMi83228225, RedWingGrips This is WAY too close to the truth 
367,1607803760381673478,Tuesday December 27 18:21:02 2022,ephymur, obsidiancherrie enjoy the nice treatment while it lasts my rage is coming in anytime soon two hearts smiling face with hearts sparkles heart hands light skin tone 
368,1607803760352587778,Tuesday December 27 18:21:02 2022,Michell34372706,I like you like it all over the mountains heart exclamation  kiss mark  kiss mark heart exclamation  kiss mark  kiss mark heart exclamation  kiss mark  kiss mark heart exclamation  kiss mark  kiss mark   
369,1607803760331395072,Tuesday December 27 18:21:02 2022,TeeZeroHero,I got internet friends older than some of y allShout out Soundcircuit dot com the original blue site 
370,1607803760318857216,Tuesday December 27 18:21:02 2022,rolyteck,As long as Satan and evil people are still in the world there will be trouble in the world gckliveinekiti GlobalCrusadewithKumuyi
371,1607803760306425856,Tuesday December 27 18:21:02 2022,Gato_Burrito, AmberDAO does this coin have a price or is it tradable yetalso is there somewhere to individually stake the token and not lpthanks
372,1607803760306278403,Tuesday December 27 18:21:02 2022,imPureHeat,Brothers it d always be us who make the first move prove ourselves and show that we re better when it comes to finding love mating That s how we are wired it s evolution What went wrong is that the females were supposed to choose better stable partners instead of toxic chodus 
373,1607803760260038669,Tuesday December 27 18:21:02 2022,hillsmcabbott,RT siphillipssport Chelsea are playing some of the best football I ve seen us play in a while right now Quick and progressive it s almo 
374,1607803760251932672,Tuesday December 27 18:21:02 2022,virji_1959,RT virji    elchapo Follow me plus all who retweet pushpin  following back all who follow me now double exclamation mark let s gain recycling symbol HAPPY NEW YEAR  LET S 
375,1607803760243343360,Tuesday December 27 18:21:02 2022,Mohammadfahim68, Quran quran thedivinebook Quranhour Qurantime Quranall And do not come near the wealth of the orphan  unless intending to enhance it   Allah Islam Muslim
376,1607803760226762754,Tuesday December 27 18:21:02 2022,WebPassSocial,Support amp Vote for Mana Greek Fusion for Best Greek Food in Palm Beach County 
377,1607803760226586625,Tuesday December 27 18:21:02 2022,wtchippendales, RJRofficialpage The cracks are starting to show A new episode of WelcometoChippendales is streaming now on hulu Reply stop to opt out 
378,1607803760218374145,Tuesday December 27 18:21:02 2022,AyushiA56602601,RT d stellarqueen Anki wishing you all the love success and happiness red heart sparkles your BB journey is nothing but an inspiration to me A 
379,1607803760209985538,Tuesday December 27 18:21:02 2022,itzcindy06,RT divyaamulu Being happy in life does not mean that everything is alright It only means that you are strong enough to let go of thin 
380,1607803760163827712,Tuesday December 27 18:21:02 2022,regslvrboy, listening to french music and reading is the best thing ever
381,1607803760125829123,Tuesday December 27 18:21:02 2022,amberdannielle2, OneSkinnyKing The cracks are starting to show A new episode of WelcometoChippendales is streaming now on hulu Reply stop to opt out 
382,1607803760113221634,Tuesday December 27 18:21:02 2022,JVCrum,I love making pot roast all day the house be smelling so mf good
383,1607803760104833027,Tuesday December 27 18:21:02 2022,JosephA05857543,Top Entrepeneur provides his Secret of The Cricle to build fast You can today Listen podcast entrepreneur esg
384,1607803760096444417,Tuesday December 27 18:21:02 2022,LuckMaxX,Now working into shore and the attainment of any 
385,1607803760079691778,Tuesday December 27 18:21:02 2022,jeff_miller54, coinexcom CoinExTurnsFirstly thanks for the opportunity and Merry Christmas to the whole team  snowflake evergreen tree What would you like to achieve in this new year that is coming also an association with some other project in the future arilexa ClemCr Eufox
386,1607803760067371008,Tuesday December 27 18:21:02 2022,ArizonaMarty,RT OakwoodRescue For khour we have Duke looking his best in the hope to find his forever home green heart Duke s profile is still under review but 
387,1607803760025440257,Tuesday December 27 18:21:02 2022,ChrisSiddall74, BrosephDomingo Hey man I gotta Say J Cole really held hiS own on DatPiff I think thatS why he getS So much reSpect he Survived the era change
388,1607803760016871425,Tuesday December 27 18:21:02 2022,thewhichdoctor, davenewworld  Does the concept of de escalation even exist in the American policing lexicon I ve seen  foot nothing female PC s single handedly calm down entire groups of lairy pint and a fight friday night drunks Yet american cops just can t talk their way out of a confrontation with kids 
389,1607803760012673026,Tuesday December 27 18:21:02 2022,mathtick,Keep on gaming while you re away from home with the ASUS TUF Gaming F Gaming Laptop  asus TUF gaming laptop videogames xmas christmas gifts holidays deals shopping ad 
390,1607803760000241665,Tuesday December 27 18:21:02 2022,lvmonorail, dylanthedog draevans Yes it s quite awful as stopping might even mean the law comes after them I think So I suppose similar to a gang threatening to burn down your families farm if you don t keep working but with different intentions on the side of the enforcer regulator 
391,1607803759996047362,Tuesday December 27 18:21:02 2022,hamneggs716, ryankeegan Happy Holidays  snowflake 
392,1607803759962521601,Tuesday December 27 18:21:02 2022,Aster_Offical,My best friend is Islamic and of Palestinian origin while I m an exCatholic whose ancestors hail from Ireland so sometimes we have fun convos like this Me WHY IS THERE A TALKING BABY JESUS IN THE QURAN Her Wait Talking Baby Jesus ISN T in the Bible 
393,1607803759949643776,Tuesday December 27 18:21:02 2022,PerezRamcy, skippyip Bruh I literally just got one of those character expressions chartsheet and the only character I could think of was Josuke Imma do Bob now cause I also have him on my mind
394,1607803759941263360,Tuesday December 27 18:21:02 2022,BehroozRezvani,RT Tealfuleyes  MondayMice  Geared up and ready to make the best of s last week 
395,1607803759924744192,Tuesday December 27 18:21:02 2022,manarkin, TidyWire arvalis TimSweeneyEpic ChrisRaadjes SquaredApe AdnanChaumette OccultArt Fervis You are not here to listen to someone who has a different opinion to yours you are here to just feel like you are winning and that is obvious from the tone of your conversation I am not taking any side all I am saying is that AI is here to stay and you can t do much about it 
396,1607803759924740097,Tuesday December 27 18:21:02 2022,@VT_OliviaMonroe Not enough. Go for the literally on fire model.,
